一串儿	yi chuan er
一加	yi jia
一号线	yi hao xian
一哥	yi ge
一字板	yi zi ban
一审	yi shen
一式	yi shi
一拳超人	yi quan chao ren
一束花	yi shu hua
一瓯春	yi ou chun
一穿二	yi chuan er
一突	yi tu
一笙	yi sheng
一等座	yi deng zuo
一缸石榴	yi gang shi liu
一表通	yi biao tong
一览表	yi lan biao
一诺	yi nuo
一路向海的少年	yi lu xiang hai de shao nian
一路走好	yi lu zou hao
一路超平安	yi lu chao ping an
一链	yi lian
丁世谦	ding shi qian
丁禹兮	ding yu xi
丁程鑫	ding cheng xin
七号了	qi hao le
七天乐	qi tian le
七天假期	qi tian jia qi
万事	wan shi
万事可期	wan shi ke qi
万事如意	wan shi ru yi
万事胜意	wan shi sheng yi
万事顺意	wan shi shun yi
万兽之王	wan shou zhi wang
万博	wan bo
万圣节	wan sheng jie
万家	wan jia
万家灯火	wan jia deng huo
万岁	wan sui
万江	wan jiang
万疆	wan jiang
万科	wan ke
万维	wan wei
万达	wan da
万达茂	wan da mao
三丽鸥	san li ou
三亚	san ya
三冠王	san guan wang
三分倒转	san fen dao zhuan
三剑客	san jian ke
三命	san ming
三国杀	san guo sha
三大球	san da qiu
三季度	san ji du
三折叠	san zhe die
三明	san ming
三星	san xing
三星堆	san xing dui
三更	san geng
三线队	san xian dui
三角券	san jiao quan
三角卷	san jiao juan
三角洲	san jiao zhou
三角洲行动	san jiao zhou xing dong
三资	san zi
三跑	san pao
三跑了	san pao le
三连败	san lian bai
三链	san lian
三门海	san men hai
三阶段	san jie duan
上下游	shang xia you
上会	shang hui
上周三	shang zhou san
上周四	shang zhou si
上四休三	shang si xiu san
上场机会	shang chang ji hui
上季度	shang ji du
上早八	shang zao ba
上朝	shang chao
上朝了	shang chao le
上海	shang hai
上海冠军赛	shang hai guan jun sai
上海女儿	shang hai nv er
上班日	shang ban ri
上证	shang zheng
上证指数	shang zheng zhi shu
上诉状	shang su zhuang
下冰雹	xia bing bao
下半	xia ban
下半区	xia ban qu
下周一	xia zhou yi
下界	xia jie
下落	xia luo
下课铃	xia ke ling
下跌	xia die
下高速	xia gao su
不动产	bu dong chan
不快乐	bu kuai le
不想上学	bu xiang shang xue
不想睡的星期五	bu xiang shui de xing qi wu
不成功穿越指南	bu cheng gong chuan yue zhi nan
不搜点	bu sou dian
不明原因肺炎	bu ming yuan yin fei yan
不朽	bu xiu
不死途	bu si tu
不烧心	bu shao xin
不见岳	bu jian yue
不造车	bu zao che
与国同庆	yu guo tong qing
丑角	chou jue
丑闻	chou wen
专利	zhuan li
专区	zhuan qu
专家	zhuan jia
专干	zhuan gan
专怪	zhuan guai
专户	zhuan hu
专班	zhuan ban
专网	zhuan wang
专著	zhuan zhu
专项	zhuan xiang
专题会	zhuan ti hui
世事无常	shi shi wu chang
世界之窗	shi jie zhi chuang
世界波	shi jie bo
世界计划	shi jie ji hua
世锦赛	shi jin sai
丘林	qiu lin
丙烯酸	bing xi suan
业务	ye wu
东京	dong jing
东京复仇者	dong jing fu chou zhe
东北	dong bei
东北一家人	dong bei yi jia ren
东北超	dong bei chao
东南亚	dong nan ya
东城	dong cheng
东安湖	dong an hu
东山精密	dong shan jing mi
东岸	dong an
东广场	dong guang chang
东方财富	dong fang cai fu
东材	dong cai
东海	dong hai
东航	dong hang
东航通报	dong hang tong bao
东莞	dong guan
东财	dong cai
东郊记忆	dong jiao ji yi
东野	dong ye
东风	dong feng
东鹏特饮	dong peng te yin
丝柯克	si ke ke
丞丞	cheng cheng
两枪头	liang qiang tou
两江新区	liang jiang xin qu
两球	liang qiu
两癌	liang ai
两箱油	liang xiang you
严严	yan yan
严子怡	yan zi yi
严成玹	yan cheng xuan
严浩翔	yan hao xiang
丧葬费	sang zang fei
个人简历	ge ren jian li
个体工商户	ge ti gong shang hu
个性化	ge xing hua
个税	ge shui
个贷	ge dai
丫丫	ya ya
中东	zhong dong
中使馆	zhong shi guan
中信证券	zhong xin zheng quan
中元节	zhong yuan jie
中兴	zhong xing
中北	zhong bei
中医学	zhong yi xue
中华人民共和国	zhong hua ren min gong he guo
中南大学	zhong nan da xue
中国	zhong guo
中国东方演艺集团	zhong guo dong fang yan yi ji tuan
中国乒协	zhong guo ping xie
中国人民解放军	zhong guo ren min jie fang jun
中国人能飞	zhong guo ren neng fei
中国体育代表团	zhong guo ti yu dai biao tuan
中国嘉德	zhong guo jia de
中国大满贯	zhong guo da man guan
中国海警	zhong guo hai jing
中国游	zhong guo you
中国电信	zhong guo dian xin
中国电信大客户事业部	zhong guo dian xin da ke hu shi ye bu
中国电影市场	zhong guo dian ying shi chang
中国石化	zhong guo shi hua
中国移动	zhong guo yi dong
中国红	zhong guo hong
中国结	zhong guo jie
中国联通	zhong guo lian tong
中国航协	zhong guo hang xie
中国警方	zhong guo jing fang
中国银行	zhong guo yin hang
中国队	zhong guo dui
中国驻泰使馆	zhong guo zhu tai shi guan
中央广播电视总台	zhong yang guang bo dian shi zong tai
中央财政	zhong yang cai zheng
中孚	zhong fu
中安	zhong an
中建	zhong jian
中微子	zhong wei zi
中心组	zhong xin zu
中收	zhong shou
中方	zhong fang
中日	zhong ri
中暑	zhong shu
中柱	zhong zhu
中标	zhong biao
中标价	zhong biao jia
中特	zhong te
中石化	zhong shi hua
中福袋	zhong fu dai
中秋快乐	zhong qiu kuai le
中秋节快乐	zhong qiu jie kuai le
中科大	zhong ke da
中网	zhong wang
中美	zhong mei
中考	zhong kao
中船	zhong chuan
中行	zhong hang
中袖	zhong xiu
中证	zhong zheng
中超	zhong chao
中部	zhong bu
中铺	zhong pu
中际	zhong ji
中际旭创	zhong ji xu chuang
中院	zhong yuan
中雨	zhong yu
中韩	zhong han
丰田	feng tian
丰顺	feng shun
临云	lin yun
临安	lin an
临汾	lin fen
临沂	lin yi
临海	lin hai
临清	lin qing
临潼	lin tong
丹东	dan dong
丹恒	dan heng
丹霞山	dan xia shan
丹青渡	dan qing du
丹麦	dan mai
主力	zhu li
主套	zhu tao
主摄	zhu she
主管部门	zhu guan bu men
主胜	zhu sheng
主营业务	zhu ying ye wu
主要负责人	zhu yao fu ze ren
主观	zhu guan
主观题	zhu guan ti
主角	zhu jue
主讲人	zhu jiang ren
主题党日	zhu ti dang ri
主题墙	zhu ti qiang
主麻	zhu ma
丽华	li hua
丽水	li shui
举国同庆	ju guo tong qing
举杯	ju bei
久诚	jiu cheng
义乌	yi wu
乌克兰	wu ke lan
乌克兰武装部队	wu ke lan wu zhuang bu dui
乌兰察布	wu lan cha bu
乌兹	wu zi
乌兹别克	wu zi bie ke
乌兹别克斯坦	wu zi bie ke si tan
乌冬	wu dong
乌拉圭	wu la gui
乌有乡	wu you xiang
乌海	wu hai
乌萨奇	wu sa qi
乌鲁木齐	wu lu mu qi
乌鸡哥	wu ji ge
乐不乐	le bu le
乐业	le ye
乐东	le dong
乐山	le shan
乐扣	le kou
乐高	le gao
乒乓球	ping pang qiu
乒协	ping xie
乔伊	qiao yi
乔治	qiao zhi
乔迁	qiao qian
乘车	cheng che
乙二醇	yi er chun
乙腈	yi jing
九三	jiu san
九元航空	jiu yuan hang kong
九千岁	jiu qian sui
九寨沟	jiu zhai gou
九尾	jiu wei
九尾中单庄周	jiu wei zhong dan zhuang zhou
九州通	jiu zhou tong
九月底	jiu yue di
九色鹿	jiu se lu
九门	jiu men
九龙坡	jiu long po
也门	ye men
也门政府军	ye men zheng fu jun
也门黎明	ye men li ming
习思想	xi si xiang
乡村振兴	xiang cun zhen xing
书源	shu yuan
书简	shu jian
书记	shu ji
书记员	shu ji yuan
买一送一	mai yi song yi
买命	mai ming
买花	mai hua
争洛阳	zheng luo yang
事事	shi shi
事事顺心	shi shi shun xin
事假	shi jia
事务	shi wu
事务局	shi wu ju
事务所	shi wu suo
事变	shi bian
事宜	shi yi
事由	shi you
二号线	er hao xian
二命	er ming
二季度	er ji du
二审	er shen
二广	er guang
二搭	er da
二游	er you
二药	er yao
二进制	er jin zhi
二链	er lian
二限	er xian
二魂	er hun
于和伟	yu he wei
于子迪	yu zi di
于洋	yu yang
于适	yu shi
云初	yun chu
云南	yun nan
云南白药	yun nan bai yao
云原神	yun yuan shen
云台山	yun tai shan
云旗	yun qi
云樱	yun ying
云浮	yun fu
云游戏	yun you xi
云熠	yun yi
云璃	yun li
云计算	yun ji suan
云闪付	yun shan fu
云集	yun ji
云霄	yun xiao
云龙湖	yun long hu
互评	hu ping
互防	hu fang
五一	wu yi
五一广场	wu yi guang chang
五上	wu shang
五仁	wu ren
五仁月饼	wu ren yue bing
五叶草	wu ye cao
五哈	wu ha
五岳	wu yue
五指山	wu zhi shan
五星红旗	wu xing hong qi
五月天	wu yue tian
五比零	wu bi ling
五粮液	wu liang ye
井柏然	jing bo ran
井迪	jing di
亚军	ya jun
亚婆离	ya po li
亚洲	ya zhou
亚海	ya hai
亚米	ya mi
亚运	ya yun
亚运会	ya yun hui
亚马尔	ya ma er
亚马逊	ya ma xun
亢奋	kang fen
交换余生	jiao huan yu sheng
交易中心	jiao yi zhong xin
交易日	jiao yi ri
交警	jiao jing
交货期	jiao huo qi
交通补贴	jiao tong bu tie
交通运输部	jiao tong yun shu bu
交锋	jiao feng
产业	chan ye
产剧	chan ju
产投	chan tou
产权证	chan quan zheng
享界	xiang jie
京东	jing dong
京东方	jing dong fang
京介	jing jie
京哈	jing ha
京山	jing shan
京沪	jing hu
京津冀	jing jin ji
京港澳	jing gang ao
亮宇	liang yu
亲子房	qin zi fang
亲戚家	qin qi jia
亲爱的	qin ai de
人事处	ren shi chu
人事科	ren shi ke
人保	ren bao
人力资源部	ren li zi yuan bu
人员信息	ren yuan xin xi
人员名单	ren yuan ming dan
人山人海	ren shan ren hai
人工智能	ren gong zhi neng
人情分	ren qing fen
人才补贴	ren cai bu tie
人教版	ren jiao ban
人次	ren ci
人武部	ren wu bu
人民万岁	ren min wan sui
人民大会堂	ren min da hui tang
人民币	ren min bi
人民日报	ren min ri bao
人民法院	ren min fa yuan
人民英雄	ren min ying xiong
人社	ren she
人社厅	ren she ting
人社局	ren she ju
人社部	ren she bu
人神	ren shen
人队	ren dui
什么意思夫妇	shen me yi si fu fu
仁川	ren chuan
仅退款	jin tui kuan
仇远	chou yuan
今屿	jin yu
今汐	jin xi
介绍信	jie shao xin
从头再来	cong tou zai lai
仓储费	cang chu fei
仙本那	xian ben na
仙游	xian you
仙逆	xian ni
代办人	dai ban ren
代号鸢	dai hao yuan
代斯	dai si
代理费	dai li fei
代表人	dai biao ren
代课	dai ke
代课老师	dai ke lao shi
代购费	dai gou fei
代露娃	dai lu wa
以工代赈	yi gong dai zhen
以纯	yi chun
以色列	yi se lie
以闪	yi shan
仪仗队	yi zhang dui
仰光	yang guang
仰慕	yang mu
仰望	yang wang
仲裁委	zhong cai wei
任命	ren ming
任嘉伦	ren jia lun
任天堂	ren tian tang
任课老师	ren ke lao shi
任贤齐	ren xian qi
企业	qi ye
企业号	qi ye hao
企业微信	qi ye wei xin
企业所得税	qi ye suo de shui
企稳	qi wen
企管	qi guan
伊冯	yi feng
伊得	yi de
伊拉克	yi la ke
伊春	yi chun
伊朗	yi lang
伊朗政府	yi lang zheng fu
伊比利亚	yi bi li ya
伊莫	yi mo
伊藤	yi teng
休赛期	xiu sai qi
众宾欢也	zhong bin huan ye
优惠码	you hui ma
优抚	you fu
优酷	you ku
会前	hui qian
会务组	hui wu zu
会后	hui hou
会商	hui shang
会堵	hui du
会师	hui shi
会意	hui yi
会晤	hui wu
会稽山	kuai ji shan
会议	hui yi
会议时间	hui yi shi jian
会议纪要	hui yi ji yao
会议记录	hui yi ji lu
会议通知	hui yi tong zhi
伟人	wei ren
伟大	wei da
伟大的祖国	wei da de zu guo
伟大的长征	wei da de chang zheng
伟大祖国	wei da zu guo
伟杰	wei jie
传艺	chuan yi
传艺科技	chuan yi ke ji
传说	chuan shuo
传达室	chuan da shi
伤残	shang can
伦敦	lun dun
伦敦合伙人	lun dun he huo ren
伯哥	bo ge
伯恩	bo en
估值	gu zhi
估分	gu fen
低吸	di xi
低开	di kai
低走	di zou
住宿生	zhu su sheng
住建	zhu jian
住建局	zhu jian ju
住建部	zhu jian bu
住房补贴	zhu fang bu tie
佐助	zuo zhu
佐拉	zuo la
佐证	zuo zheng
佐证材料	zuo zheng cai liao
体操	ti cao
体教	ti jiao
体检表	ti jian biao
体育学院	ti yu xue yuan
体育课	ti yu ke
体育部	ti yu bu
体验服	ti yan fu
何伟	he wei
何卓佳	he zhuo jia
何杰	he jie
何浩楠	he hao nan
何炅	he jiong
佘智江	she zhi jiang
余宇涵	yu yu han
余承东	yu cheng dong
余文乐	yu wen le
余晖	yu hui
余红	yu hong
余红旧事	yu hong jiu shi
余震	yu zhen
余额宝	yu e bao
佛堂	fo tang
佛山	fo shan
作业	zuo ye
作业本	zuo ye ben
作息时间	zuo xi shi jian
作息表	zuo xi biao
作文	zuo wen
作文本	zuo wen ben
作曲家	zuo qu jia
作案	zuo an
佟丽娅	tong li ya
你到学校了吗	ni dao xue xiao le ma
你怎么看	ni zen me kan
你节后	ni jie hou
佤邦	wa bang
佩丽卡	pei li ka
佩恩	pei en
佩里卡	pei li ka
佳佳	jia jia
佳木斯	jia mu si
佳节	jia jie
例会	li hui
供电公司	gong dian gong si
依木兰	yi mu lan
侠佐	xia zuo
侠隐	xia yin
侦战	zhen zhan
侧身	ce shen
侯明昊	hou ming hao
侯爷	hou ye
俄乌	e wu
俄军	e jun
俄国防部	e guo fang bu
俄外交部	e wai jiao bu
俄方	e fang
俄罗斯	e luo si
俄罗斯特种部队	e luo si te zhong bu dui
保函	bao han
保加利亚	bao jia li ya
保定	bao ding
保密局	bao mi ju
保密观	bao mi guan
保平	bao ping
保持联系	bao chi lian xi
保教	bao jiao
保时捷	bao shi jie
保理	bao li
保研	bao yan
保险	bao xian
保险公司	bao xian gong si
俞老师	yu lao shi
信丰	xin feng
信创	xin chuang
信州区	xin zhou qu
信息中心	xin xi zhong xin
信息技术	xin xi ji shu
信息采集	xin xi cai ji
信托	xin tuo
信用代码	xin yong dai ma
信用证	xin yong zheng
信访	xin fang
信访人	xin fang ren
信访局	xin fang ju
信贷	xin dai
信通	xin tong
信阳	xin yang
修水	xiu shui
候补上	hou bu shang
候补到	hou bu dao
候补到了	hou bu dao le
候补成功	hou bu cheng gong
候车	hou che
候选人	hou xuan ren
借据	jie ju
借条	jie tiao
借款人	jie kuan ren
借读	jie du
倪妮	ni ni
倪萍	ni ping
债权人	zhai quan ren
值班值守	zhi ban zhi shou
倾城	qing cheng
假后	jia hou
假唱	jia chang
假期作业	jia qi zuo ye
假期内	jia qi nei
假期安全	jia qi an quan
假期开始	jia qi kai shi
假期最后	jia qi zui hou
假期第一天	jia qi di yi tian
假期结束了	jia qi jie shu le
假期综合征	jia qi zong he zheng
假条	jia tiao
做操	zuo cao
停服	ting fu
停牌	ting pai
停运	ting yun
健健康康	jian jian kang kang
健力宝	jian li bao
健康	jian kang
健次	jian ci
偷偷藏不住	tou tou cang bu zhu
偷背身	tou bei shen
傅首尔	fu shou er
催办	cui ban
儿子	er zi
元宵节	yuan xiao jie
兆易	zhao yi
兆易创新	zhao yi chuang xin
先导	xian dao
先导智能	xian dao zhi neng
先导片	xian dao pian
先烈	xian lie
先行	xian xing
先辈	xian bei
先进个人	xian jin ge ren
光圈	guang quan
光头强	guang tou qiang
光标	guang biao
光模块	guang mo kuai
光洙	guang zhu
光芯片	guang xin pian
光迅	guang xun
光通信	guang tong xin
光遇	guang yu
光锥	guang zhui
克克	ke ke
克拉岛	ke la dao
克拉蕾	ke la lei
克林根	ke lin gen
克洛琳德	ke luo lin de
克烈	ke lie
克罗地亚	ke luo di ya
克莱尔	ke lai er
克莱恩	ke lai en
克莱门莎	ke lai men sha
免兵役	mian bing yi
免过路费	mian guo lu fei
免高速	mian gao su
免高速费	mian gao su fei
兔妖	tu yao
党代会	dang dai hui
党代表	dang dai biao
党员	dang yuan
党员大会	dang yuan da hui
党委	dang wei
党委书记	dang wei shu ji
党委会	dang wei hui
党小组	dang xiao zu
党工委	dang gong wei
党建	dang jian
党总支	dang zong zhi
党支部	dang zhi bu
党政办	dang zheng ban
党日	dang ri
党校	dang xiao
党章	dang zhang
党组	dang zu
党组会	dang zu hui
党组织	dang zu zhi
党群	dang qun
党课	dang ke
党费	dang fei
党金虎	dang jin hu
党风	dang feng
入党时间	ru dang shi jian
入党申请	ru dang shen qing
入党申请书	ru dang shen qing shu
入戏	ru xi
入校	ru xiao
入殓师	ru lian shi
入科教育	ru ke jiao yu
入青云	ru qing yun
全仓	quan cang
全体成员	quan ti cheng yuan
全华班	quan hua ban
全县	quan xian
全回家	quan hui jia
全回家了	quan hui jia le
全国	quan guo
全家	quan jia
全家人	quan jia ren
全市	quan shi
全平	quan ping
全文	quan wen
全栈	quan zhan
全满贯	quan man guan
全系列	quan xi lie
全红	quan hong
全红婵	quan hong chan
全英	quan ying
全英文	quan ying wen
全运会	quan yun hui
全部回家	quan bu hui jia
全镇	quan zhen
全队	quan dui
八一广场	ba yi guang chang
八仙	ba xian
八强	ba qiang
八月十五	ba yue shi wu
八段锦	ba duan jin
八音	ba yin
八音窍	ba yin qiao
公共管理	gong gong guan li
公函	gong han
公务	gong wu
公卫科	gong wei ke
公司	gong si
公司名字	gong si ming zi
公司名称	gong si ming cheng
公司楼下	gong si lou xia
公告	gong gao
公孙离	gong sun li
公开日	gong kai ri
公牛	gong niu
公益性	gong yi xing
公示	gong shi
公示栏	gong shi lan
公积金	gong ji jin
公章	gong zhang
公证书	gong zheng shu
公证处	gong zheng chu
六六大顺	liu liu da shun
六合彩	liu he cai
六安	lu an
六格	liu ge
六神	liu shen
兰州	lan zhou
兰斯	lan si
兰斯洛	lan si luo
兰溪	lan xi
兰考	lan kao
兰陵	lan ling
兰香	lan xiang
兰香如故	lan xiang ru gu
共产主义	gong chan zhu yi
共和国	gong he guo
共筑天网	gong zhu tian wang
共赢	gong ying
共青团员	gong qing tuan yuan
共鸣者	gong ming zhe
关怀	guan huai
关晓彤	guan xiao tong
兴化	xing hua
兴文	xing wen
兴森	xing sen
兵工厂	bing gong chang
兵马俑	bing ma yong
具身	ju shen
典礼	dian li
兹白	zi bai
兹维列夫	zi wei lie fu
内务	nei wu
内地	nei di
内屏	nei ping
内网	nei wang
内蒙古	nei meng gu
再出发	zai chu fa
再审	zai shen
再旅	zai lv
再生纸浆	zai sheng zhi jiang
军事理论	jun shi li lun
军八	jun ba
军工	jun gong
军训服	jun xun fu
军需	jun xu
农业农村	nong ye nong cun
农业农村局	nong ye nong cun ju
农业普查	nong ye pu cha
农业银行	nong ye yin hang
农发	nong fa
农发行	nong fa hang
农夫山泉	nong fu shan quan
农心	nong xin
农户	nong hu
农用地	nong yong di
农经	nong jing
农银	nong yin
冠军	guan jun
冠军套	guan jun tao
冠军赛	guan jun sai
冬令时	dong ling shi
冬促	dong cu
冬城猎凶	dong cheng lie xiong
冬春	dong chun
冯玲玲	feng ling ling
冯禧	feng xi
冰主	bing zhu
冰墩墩	bing dun dun
冰女	bing nv
冰岛	bing dao
冰浆	bing jiang
冰皇	bing huang
冰神	bing shen
冰箱贴	bing xiang tie
冰蓝	bing lan
冰袖	bing xiu
冰锅	bing guo
冰雹	bing bao
冲超	chong chao
冲高	chong gao
冲高回落	chong gao hui luo
决定书	jue ding shu
决算	jue suan
决赛	jue sai
冷却剂	leng que ji
冷的很	leng de hen
冷的我	leng de wo
冷空气	leng kong qi
净值	jing zhi
净汉	jing han
准入	zhun ru
准备就绪	zhun bei jiu xu
准考证	zhun kao zheng
准黎曼猜想	zhun li man cai xiang
凉哈皮	liang ha pi
凉山	liang shan
减仓	jian cang
减员	jian yuan
减肥针	jian fei zhen
减资	jian zi
凝脂手	ning zhi shou
凡人	fan ren
凡人修仙传	fan ren xiu xian zhuan
凡尘	fan chen
凤冠	feng guan
凤凰传奇	feng huang chuan qi
凤凰火	feng huang huo
凭证	ping zheng
凯丽	kai li
凯乐石	kai le shi
凯怡	kai yi
凯恩	kai en
凯瑟琳	kai se lin
凯莱英	kai lai ying
凹凸世界	ao tu shi jie
凹坑	ao keng
出入平安	chu ru ping an
出站口	chu zhan kou
出线	chu xian
函件	han jian
函授	han shou
凿子	zao zi
刀皮	dao pi
刀郎	dao lang
分与合	fen yu he
分局	fen ju
分差	fen cha
分歧	fen qi
分界	fen jie
分管	fen guan
分管领导	fen guan ling dao
分行	fen hang
分项	fen xiang
切尔西	qie er xi
刊物	kan wu
刑场	xing chang
刑警	xing jing
划拨	hua bo
划线	hua xian
刘一手	liu yi shou
刘一菲	liu yi fei
刘倩	liu qian
刘军	liu jun
刘凯	liu kai
刘国梁	liu guo liang
刘大炮	liu da pao
刘子涵	liu zi han
刘学义	liu xue yi
刘宁	liu ning
刘宇	liu yu
刘宇宁	liu yu ning
刘宪华	liu xian hua
刘家	liu jia
刘家良	liu jia liang
刘岩	liu yan
刘影	liu ying
刘德华	liu de hua
刘思雨	liu si yu
刘昊	liu hao
刘昊然	liu hao ran
刘欢	liu huan
刘殿座	liu dian zuo
刘毅	liu yi
刘洋	liu yang
刘浩	liu hao
刘浩存	liu hao cun
刘浩帆	liu hao fan
刘涛	liu tao
刘烨	liu ye
刘禅	liu shan
刘翔	liu xiang
刘耀文	liu yao wen
刘艳	liu yan
刘萧旭	liu xiao xu
刘诗诗	liu shi shi
刘越	liu yue
刘铮亮	liu zheng liang
刘雯	liu wen
刘飞	liu fei
刚收假	gang shou jia
刚放完假	gang fang wan jia
创业板	chuang ye ban
创新创业	chuang xin chuang ye
创新药	chuang xin yao
初华	chu hua
初审	chu shen
初试	chu shi
判决书	pan jue shu
判负	pan fu
利剑出鞘	li jian chu qiao
利剑玫瑰	li jian mei gui
利好	li hao
利川	li chuan
利拉德	li la de
利物浦	li wu pu
利空	li kong
利维坦	li wei tan
利雅得	li ya de
别克	bie ke
别礼	bie li
刮风	gua feng
到工位	dao gong wei
到工位了	dao gong wei le
到教室啦	dao jiao shi la
制度	zhi du
制证	zhi zheng
制造及自动化	zhi zao ji zi dong hua
刷异色	shua yi se
刹停	sha ting
刹车	sha che
刹车踏板	sha che ta ban
刹车踏板国标	sha che ta ban guo biao
削球	xiao qiu
削球手	xiao qiu shou
前海	qian hai
前点	qian dian
前瞻	qian zhan
剑姬	jian ji
剑灵	jian ling
剑门关	jian men guan
剧场版	ju chang ban
剧诗	ju shi
剧院	ju yuan
剪映	jian ying
剪纸	jian zhi
剪纸仙灵	jian zhi xian ling
副书记	fu shu ji
副套	fu tao
副局长	fu ju zhang
副总经理	fu zong jing li
副武器	fu wu qi
副行长	fu hang zhang
剿匪	jiao fei
力勤	li qin
办事大厅	ban shi da ting
办公	ban gong
办公会	ban gong hui
办公用品	ban gong yong pin
办案	ban an
办理	ban li
办税	ban shui
办结	ban jie
功夫女足	gong fu nv zu
功能室	gong neng shi
加仓	jia cang
加州	jia zhou
加息	jia xi
加戏	jia xi
加拿大	jia na da
加收	jia shou
加时	jia shi
加更	jia geng
加沙	jia sha
加赛	jia sai
加里奥	jia li ao
动员	dong yuan
动员大会	dong yuan da hui
动物城	dong wu cheng
动物塑	dong wu su
助学贷	zhu xue dai
助燃剂	zhu ran ji
助贷	zhu dai
努比亚	nu bi ya
劫持	jie chi
劳动关系	lao dong guan xi
劳动教育	lao dong jiao yu
劳动课	lao dong ke
劳斯莱斯	lao si lai si
劳蓝	lao lan
勇士	yong shi
勇闯恐龙岛	yong chuang kong long dao
勋哥	xun ge
勐海	meng hai
勒克莱尔	le ke lai er
勘验	kan yan
勤天	qin tian
勾兑	gou dui
勿忘	wu wang
勿忘国耻	wu wang guo chi
包头	bao tou
包河	bao he
包的包的	bao de bao de
包贝尔	bao bei er
包青天	bao qing tian
匈牙利	xiong ya li
化债	hua zhai
化学	hua xue
化学奖	hua xue jiang
北中	bei zhong
北交所	bei jiao suo
北京	bei jing
北京佑安医院	bei jing you an yi yuan
北京市	bei jing shi
北京时间	bei jing shi jian
北京理工大学	bei jing li gong da xue
北京西站	bei jing xi zhan
北京警方	bei jing jing fang
北大	bei da
北师大	bei shi da
北欧	bei ou
北汽	bei qi
北海	bei hai
北满	bei man
北爱尔兰	bei ai er lan
北理工	bei li gong
北约	bei yue
北航	bei hang
北邮	bei you
北部湾	bei bu wan
匠人	jiang ren
匡威	kuang wei
匹诺曹	pi nuo cao
区局	qu ju
区纪委	qu ji wei
医保外	yi bao wai
医保局	yi bao ju
医共体	yi gong ti
医务处	yi wu chu
医学	yi xue
医师	yi shi
医惠保	yi hui bao
医疗	yi liao
医疗机构	yi liao ji gou
医药	yi yao
十一前	shi yi qian
十个勤天	shi ge qin tian
十五五	shi wu wu
十六强	shi liu qiang
十堰	shi yan
十月了	shi yue le
十美	shi mei
千咲	qian xiao
千小妹	qian xiao mei
千山	qian shan
千岩	qian yan
千星	qian xing
千里	qian li
千问	qian wen
升国旗	sheng guo qi
升学宴	sheng xue yan
升旗	sheng qi
升旗仪式	sheng qi yi shi
升格	sheng ge
午休时间	wu xiu shi jian
午写	wu xie
午时	wu shi
半亩花田	ban mu hua tian
半决	ban jue
半决赛	ban jue sai
半场	ban chang
半导体	ban dao ti
半熟	ban shu
半节	ban jie
半节课	ban jie ke
华中科技大学	hua zhong ke ji da xue
华为	hua wei
华伦天奴	hua lun tian nu
华北	hua bei
华南	hua nan
华天	hua tian
华妃	hua fei
华尔街	hua er jie
华山	hua shan
华工	hua gong
华师大	hua shi da
华强北	hua qiang bei
华总	hua zong
华晨宇	hua chen yu
华正	hua zheng
华法林	hua fa lin
华测	hua ce
华润	hua run
华盛顿	hua sheng dun
华能	hua neng
华西	hua xi
华诞	hua dan
协会	xie hui
协办	xie ban
协同	xie tong
协查	xie cha
协议	xie yi
协调会	xie tiao hui
协鑫	xie xin
卑弥呼	bei mi hu
卓沅	zhuo yuan
单依纯	dan yi chun
单刀	dan dao
单周	dan zhou
单打	dan da
单挑	dan tiao
单日	dan ri
单更	dan geng
单签	dan qian
卖方	mai fang
卖爆了	mai bao le
卖票	mai piao
卖纸壳	mai zhi ke
卖飞了	mai fei le
南丰	nan feng
南京	nan jing
南京大屠杀	nan jing da tu sha
南京站	nan jing zhan
南和	nan he
南城门	nan cheng men
南塘	nan tang
南宁	nan ning
南山	nan shan
南平	nan ping
南昌	nan chang
南极	nan ji
南枝	nan zhi
南柯	nan ke
南沙	nan sha
南海	nan hai
南美	nan mei
南通队	nan tong dui
南部档案	nan bu dang an
南阳	nan yang
南陆	nan lu
南雄	nan xiong
南非	nan fei
博物	bo wu
博越	bo yue
卜灵	bu ling
卡册	ka ce
卡卡罗	ka ka luo
卡塔尔	ka ta er
卡姐	ka jie
卡宴	ka yan
卡尼	ka ni
卡戴珊	ka dai shan
卡比	ka bi
卡缪	ka miu
卡芙卡	ka fu ka
卡莉	ka li
卡莎	ka sha
卡萨帝	ka sa di
卡门	ka men
卢亚娜	lu ya na
卢克肖	lu ke xiao
卢昱晓	lu yu xiao
卢森堡	lu sen bao
卢雅娜	lu ya na
卧虎山庄	wo hu shan zhuang
卫健	wei jian
卫健委	wei jian wei
卫健局	wei jian ju
卫生区	wei sheng qu
卫视	wei shi
卫龙	wei long
印制	yin zhi
印发	yin fa
印尼	yin ni
印度	yin du
印花税	yin hua shui
危战	wei zhan
即刻	ji ke
卷子	juan zi
卷宗	juan zong
厄尔尼诺	e er ni nuo
厅长	ting zhang
厘普	li pu
原件	yuan jian
原单位	yuan dan wei
原号主	yuan hao zhu
原告	yuan gao
原油	yuan you
原矛头蝮蛇	yuan mao tou fu she
原神	yuan shen
厦航	xia hang
去世	qu shi
去你的岛	qu ni de dao
县市区	xian shi qu
县纪委	xian ji wei
参会	can hui
参会人员	can hui ren yuan
参保	can bao
参训	can xun
参评	can ping
参赛	can sai
又又又	you you you
及时行乐	ji shi xing le
友商	you shang
友谊关口岸	you yi guan kou an
友谊赛	you yi sai
双一流	shuang yi liu
双信息	shuang xin xi
双先锋	shuang xian feng
双决斗	shuang jue dou
双创	shuang chuang
双可	shuang ke
双周	shuang zhou
双哨	shuang shao
双外援	shuang wai yuan
双平	shuang ping
双引号	shuang yin hao
双形态	shuang xing tai
双杯	shuang bei
双狙	shuang ju
双色球	shuang se qiu
双节	shuang jie
双薪	shuang xin
双车	shuang che
双选会	shuang xuan hui
双鸭山	shuang ya shan
反不正当竞争法	fan bu zheng dang jing zheng fa
反压	fan ya
反方向的钟	fan fang xiang de zhong
反映人	fan ying ren
反炸鱼	fan zha yu
反讽	fan feng
反馈表	fan kui biao
发卖	fa mai
发售	fa shou
发布会	fa bu hui
发掘	fa jue
发改委	fa gai wei
发改局	fa gai ju
发文	fa wen
发球	fa qiu
发电车	fa dian che
发票	fa piao
受托	shou tuo
受灾	shou zai
变天	bian tian
变形计	bian xing ji
变更	bian geng
口试	kou shi
古天乐	gu tian le
古巨基	gu ju ji
古巴	gu ba
古德墨柠	gu de mo ning
古越龙山	gu yue long shan
只此青绿	zhi ci qing lv
叮咚鸡	ding dong ji
可丽希亚	ke li xi ya
可可果	ke ke guo
可可果球	ke ke guo qiu
可可球	ke ke qiu
可堵	ke du
可研	ke yan
可转债	ke zhuan zhai
可露丽	ke lu li
可露凯	ke lu kai
可颂猫	ke song mao
台北	tai bei
台历	tai li
台州	tai zhou
台湾	tai wan
台湾富邦悍将棒球队	tai wan fu bang han jiang bang qiu dui
台积电	tai ji dian
史低	shi di
史蒂芬	shi di fen
叶信之	ye xin zhi
叶瑄	ye xuan
司法	si fa
司法局	si fa ju
司法所	si fa suo
司马昭	si ma zhao
吃月饼	chi yue bing
吃满了	chi man le
吃鸡节	chi ji jie
各项目	ge xiang mu
合作协议	he zuo xie yi
合同	he tong
合同价	he tong jia
合格考	he ge kao
合欢	he huan
合江门	he jiang men
合肥	he fei
合肥市	he fei shi
吉伊卡哇	ji yi ka wa
吉利	ji li
吉安	ji an
吉尼斯	ji ni si
吉尼斯世界纪录	ji ni si shi jie ji lu
吉星	ji xing
吉林	ji lin
吉林市	ji lin shi
吉祥	ji xiang
吉隆坡	ji long po
吊带裙	diao dai qun
同乐	tong le
同乘	tong cheng
同奏	tong zou
同学群	tong xue qun
同庆	tong qing
名人	ming ren
名人堂	ming ren tang
名册	ming ce
名单	ming dan
名古屋	ming gu wu
后室	hou shi
后点	hou dian
后防	hou fang
后陡门	hou dou men
向余望	xiang yu wang
向南	xiang nan
向量	xiang liang
向鱼	xiang yu
吕政熙	lv zheng xi
吕梁	lv liang
君正	jun zheng
吞子弹	tun zi dan
听一万遍	ting yi wan bian
听悦	ting yue
听桥	ting qiao
听潮阁	ting chao ge
听证	ting zheng
吴克群	wu ke qun
吴凯	wu kai
吴奇隆	wu qi long
吴宜泽	wu yi ze
吴彦祖	wu yan zu
吴晓军	wu xiao jun
吴曦	wu xi
吴淞口	wu song kou
吴磊	wu lei
吴越	wu yue
吴青峰	wu qing feng
吸球	xi qiu
呆毛	dai mao
告别战	gao bie zhan
员额	yuan e
周一	zhou yi
周三	zhou san
周也	zhou ye
周二	zhou er
周五	zhou wu
周传雄	zhou chuan xiong
周六	zhou liu
周冬雨	zhou dong yu
周口	zhou kou
周启豪	zhou qi hao
周大福	zhou da fu
周庄	zhou zhuang
周报	zhou bao
周杰伦	zhou jie lun
周柯宇	zhou ke yu
周深	zhou shen
周潇齐	zhou xiao qi
周琦	zhou qi
周生生	zhou sheng sheng
周码	zhou ma
周笔畅	zhou bi chang
周翊然	zhou yi ran
周董	zhou dong
周记	zhou ji
周震南	zhou zhen nan
呵呵	he he
呼伦贝尔	hu lun bei er
呼呼猪	hu hu zhu
呼雷	hu lei
命定花种	ming ding hua zhong
命座	ming zuo
命运契约	ming yun qi yue
和光	he guang
和平精英	he ping jing ying
和鸣	he ming
咕咕嘎嘎	gu gu ga ga
咸宁	xian ning
咸阳	xian yang
哀悼	ai dao
哈兰德	ha lan de
哈利波特	ha li bo te
哈啰	ha luo
哈夫克	ha fu ke
哈宝	ha bao
哈尔滨	ha er bin
哈工大	ha gong da
哈弗克	ha fu ke
哈根达斯	ha gen da si
哈维	ha wei
哈苏	ha su
哈药	ha yao
哈萨克斯坦	ha sa ke si tan
哈贾尔	ha jia er
响水	xiang shui
响沙湾	xiang sha wan
响起	xiang qi
哑剧	ya ju
哥伦比亚	ge lun bi ya
哥伦比娅	ge lun bi ya
唐娜	tang na
唐嫣	tang yan
唐山	tang shan
售价	shou jia
售电	shou dian
唯泰中国	wei tai zhong guo
唱跳	chang tiao
啄木鸟	zhuo mu niao
商丘	shang qiu
商业航天	shang ye hang tian
商业贷	shang ye dai
商务部	shang wu bu
商户	shang hu
商户号	shang hu hao
商洛	shang luo
商用车	shang yong che
商贷	shang dai
喀纳斯	ka na si
善水	shan shui
喜乐	xi le
喜剧之王	xi ju zhi wang
喜字	xi zi
喜茶	xi cha
喜迎国庆	xi ying guo qing
喜马拉雅	xi ma la ya
喝喝喝	he he he
喷包	pen bao
喻繁	yu fan
喻言	yu yan
嗦螺	suo luo
嘉兴	jia xing
嘉善	jia shan
嘉实	jia shi
嘉峪关	jia yu guan
嘉文	jia wen
嘉祺	jia qi
嘉禾望岗	jia he wang gang
嘎哒	ga da
嘎达嘎达	ga da ga da
器件	qi jian
噬灭	shi mie
噼啪鸟	pi pa niao
囚于永夜	qiu yu yong ye
四个队伍	si ge dui wu
四人开门战	si ren kai men zhan
四公	si gong
四六级	si liu ji
四农普	si nong pu
四命	si ming
四大天王	si da tian wang
四大家族	si da jia zu
四川	si chuan
四川合江门	si chuan he jiang men
四抓	si zhua
四抓了	si zhua le
四海	si hai
四词条	si ci tiao
四跑了	si pao le
四驱车	si qu che
回函	hui han
回声谣	hui sheng yao
回天	hui tian
回忆杀	hui yi sha
回执单	hui zhi dan
回收物	hui shou wu
回流票	hui liu piao
回火	hui huo
回落	hui luo
团伙	tuan huo
团体	tuan ti
团圆	tuan yuan
团圆饭	tuan yuan fan
团市委	tuan shi wei
团扇	tuan shan
团粉	tuan fen
团聚	tuan ju
团辅	tuan fu
团险	tuan xian
园丁	yuan ding
园地	yuan di
园费	yuan fei
困晕	kun yun
固定资产	gu ding zi chan
固态电池	gu tai dian chi
固投	gu tou
固收	gu shou
国丰	guo feng
国乒	guo ping
国产化	guo chan hua
国债	guo zhai
国务院	guo wu yuan
国危思良将	guo wei si liang jiang
国台办	guo tai ban
国安	guo an
国安部	guo an bu
国宴	guo yan
国家	guo jia
国家助学金	guo jia zhu xue jin
国家励志奖学金	guo jia li zhi jiang xue jin
国家医保局	guo jia yi bao ju
国家发改委	guo jia fa gai wei
国家奖学金	guo jia jiang xue jin
国家安全	guo jia an quan
国家电网	guo jia dian wang
国家队	guo jia dui
国富民强	guo fu min qiang
国庆	guo qing
国庆七天乐	guo qing qi tian le
国庆值班	guo qing zhi ban
国庆假期	guo qing jia qi
国庆快乐	guo qing kuai le
国庆快乐呀	guo qing kuai le ya
国庆档	guo qing dang
国庆礼	guo qing li
国庆第一天	guo qing di yi tian
国庆节	guo qing jie
国庆节快乐	guo qing jie kuai le
国控	guo kong
国旗	guo qi
国歌	guo ge
国民党	guo min dang
国泰	guo tai
国泰民安	guo tai min an
国王球	guo wang qiu
国瓷	guo ci
国网	guo wang
国自然	guo zi ran
国色芳华	guo se fang hua
国行	guo hang
国资	guo zi
国足	guo zu
国足亚运队	guo zu ya yun dui
国轩	guo xuan
国轩高科	guo xuan gao ke
国道	guo dao
国防动员法	guo fang dong yuan fa
国际足球邀请赛	guo ji zu qiu yao qing sai
图一	tu yi
图画	tu hua
圆周率	yuan zhou lv
圆神	yuan shen
土耳其	tu er qi
圣娅	sheng ya
圣岛季	sheng dao ji
圣心	sheng xin
圣牌	sheng pai
圣阳	sheng yang
圣餐	sheng can
圣骑士	sheng qi shi
在线表	zai xian biao
在线表格	zai xian biao ge
地下酒吧	di xia jiu ba
地产	di chan
地天	di tian
地天板	di tian ban
地平线	di ping xian
地武	di wu
地热	di re
地理	di li
地理老师	di li lao shi
地质	di zhi
地震	di zhen
地震云	di zhen yun
地震带	di zhen dai
地震波	di zhen bo
地震预警	di zhen yu jing
场间	chang jian
均分	jun fen
均胜	jun sheng
坐一桌	zuo yi zhuo
坚守	jian shou
坠星者	zhui xing zhe
埃及	ai ji
埃塞	ai sai
埃姆雷	ai mu lei
埃尔法	ai er fa
城中	cheng zhong
城乡	cheng xiang
城关镇	cheng guan zhen
城管局	cheng guan ju
城运	cheng yun
培养方案	pei yang fang an
培养皿	pei yang min
培养计划	pei yang ji hua
培训会	pei xun hui
培训费	pei xun fei
基尼奇	ji ni qi
基数	ji shu
基板	ji ban
基础班	ji chu ban
基辅	ji fu
基金	ji jin
堵爆了	du bao le
堵的很	du de hen
堵的要死	du de yao si
堵车	du che
塑水	su shui
塔卫二	ta wei er
塔吉克斯坦	ta ji ke si tan
塔吉克斯坦国家队	ta ji ke si tan guo jia dui
塔子姐	ta zi jie
塔露拉	ta lu la
塞伦盖提大草原	sai lun gai ti da cao yuan
塞力斯	sai li si
塞尔维亚	sai er wei ya
塞尔达	sai er da
塞死	sai si
塞浦路斯	sai pu lu si
塞车	sai che
填报	tian bao
增值税	zeng zhi shui
增员	zeng yuan
增程	zeng cheng
增资	zeng zi
增距镜	zeng ju jing
墨家	mo jia
墨尔本	mo er ben
墨白	mo bai
墨西哥	mo xi ge
墨香	mo xiang
墨龙	mo long
壁画	bi hua
士燮	shi xie
壮壮妈	zhuang zhuang ma
声骸	sheng hai
壶关	hu guan
处室	chu shi
备勤	bei qin
备案	bei an
复仇者	fu chou zhe
复仇者联盟	fu chou zhe lian meng
复兴岛	fu xing dao
复出	fu chu
复函	fu han
复印机	fu yin ji
复学	fu xue
复审	fu shen
复工	fu gong
复工复产	fu gong fu chan
复旦大学	fu dan da xue
复活赛	fu huo sai
复联	fu lian
复联五	fu lian wu
夏乌拉	xia wu la
夏侯惇	xia hou dun
夏凌	xia ling
夏季赛	xia ji sai
夏斐	xia fei
夏沃蕾	xia wo lei
夏萧因	xia xiao yin
夏鸣星	xia ming xing
外交	wai jiao
外交部	wai jiao bu
外卖柜	wai mai gui
外国队	wai guo dui
外婆家	wai po jia
外宣	wai xuan
外屏	wai ping
外战	wai zhan
外滩	wai tan
外盘	wai pan
外联部	wai lian bu
外聘	wai pin
外赛区	wai sai qu
多云	duo yun
多哈	duo ha
多托雷	duo tuo lei
多氟多	duo fu duo
多特	duo te
多西环素	duo xi huan su
夜兰	ye lan
夜坝	ye ba
夜市	ye shi
夜幕之下	ye mu zhi xia
夜班费	ye ban fei
夜莺小姐	ye ying xiao jie
夜魂	ye hun
大乐透	da le tou
大伟哥	da wei ge
大使	da shi
大保底	da bao di
大兴安岭	da xing an ling
大冶	da ye
大利	da li
大十字	da shi zi
大合同	da he tong
大同	da tong
大哥小助理	da ge xiao zhu li
大唐	da tang
大唐妖探	da tang yao tan
大国	da guo
大地震	da di zhen
大场	da chang
大堡底	da bao di
大堵车	da du che
大头儿子	da tou er zi
大头贴	da tou tie
大奖赛	da jiang sai
大婚	da hun
大学城	da xue cheng
大学英语	da xue ying yu
大安	da an
大官人	da guan ren
大屠杀	da tu sha
大师组	da shi zu
大师赛	da shi sai
大征期	da zheng qi
大换血	da huan xie
大暴雨	da bao yu
大棚	da peng
大正	da zheng
大比分	da bi fen
大水课	da shui ke
大涨	da zhang
大渡口	da du kou
大湾区	da wan qu
大熊猫	da xiong mao
大熊雨林	da xiong yu lin
大王饶命	da wang rao ming
大班	da ban
大理寺	da li si
大瑶	da yao
大疆	da jiang
大白兔	da bai tu
大白鲨	da bai sha
大盘	da pan
大结局	da jie ju
大缘	da yuan
大耳帽兜	da er mao dou
大耳狗	da er gou
大背头	da bei tou
大荔	da li
大虫子	da chong zi
大蛇丸	da she wan
大西洋鲑	da xi yang gui
大讲堂	da jiang tang
大课间	da ke jian
大资金	da zi jin
大跌	da die
大过节的	da guo jie de
大连	da lian
大量出没	da liang chu mo
大金重工	da jin zhong gong
大闸蟹	da zha xie
大陆	da lu
大降温	da jiang wen
大雄殿	da xiong dian
大雨	da yu
大雾	da wu
大震	da zhen
大风	da feng
大麦	da mai
大麻	da ma
大黑塔	da hei ta
天下财富娱乐广场酒店	tian xia cai fu yu le guang chang jiu dian
天云	tian yun
天南	tian nan
天天快乐	tian tian kuai le
天孚	tian fu
天安门	tian an men
天官赐福	tian guan ci fu
天幕	tian mu
天府广场	tian fu guang chang
天府机场	tian fu ji chang
天府红	tian fu hong
天有四时	tian you si shi
天枢	tian shu
天枢云阙	tian shu yun que
天柱山	tian zhu shan
天水	tian shui
天河区	tian he qu
天津	tian jin
天津人	tian jin ren
天津站	tian jin zhan
天猫	tian mao
天玑	tian ji
天理	tian li
天界	tian jie
天禄	tian lu
天空岛	tian kong dao
天绿	tian lv
天融信	tian rong xin
天通	tian tong
天门山	tian men shan
天音	tian yin
天魔缭乱	tian mo liao luan
太仆寺旗政府	tai pu si qi zheng fu
太仓卫健	tai cang wei jian
太刀	tai dao
太原	tai yuan
太堵车了	tai du che le
太子集团	tai zi ji tuan
太平年	tai ping nian
太平鸟	tai ping niao
太年轻	tai nian qing
太湖	tai hu
太湖湾	tai hu wan
太湖湾音乐节	tai hu wan yin yue jie
太行山	tai hang shan
太谷	tai gu
央企	yang qi
央行	yang hang
央视	yang shi
央视新闻	yang shi xin wen
央视频	yang shi pin
夯爆了	hang bao le
失业保险	shi ye bao xian
失业登记	shi ye deng ji
失控的第七天	shi kong de di qi tian
头奖	tou jiang
头球	tou qiu
夹江	jia jiang
夺宝券	duo bao quan
奇丽草	qi li cao
奇偶	ji ou
奇安信	qi an xin
奇幻	qi huan
奇文	qi wen
奇景	qi jing
奇瑞	qi rui
奇美拉	qi mei la
奇迹暖暖	qi ji nuan nuan
奈芙尔	nai fu er
奈雪	nai xue
奉贤	feng xian
契约兽	qi yue shou
奔腾	ben teng
奔驰	ben chi
奖励局	jiang li ju
奖牌	jiang pai
奖补	jiang bu
套人	tao ren
套牢盘	tao lao pan
奚梦瑶	xi meng yao
奥丁	ao ding
奥义	ao yi
奥佳华	ao jia hua
奥利	ao li
奥利塞	ao li sai
奥利赛	ao li sai
奥地利	ao di li
奥德赛	ao de sai
奥恩	ao en
奥斯卡	ao si ka
奥杜尔	ao du er
奥林匹克	ao lin pi ke
奥特曼	ao te man
奥系	ao xi
奥赛	ao sai
奥迪	ao di
女儿节	nv er jie
女单	nv dan
女双	nv shuang
女团	nv tuan
女大十八变	nv da shi ba bian
女排	nv pai
女武神	nv wu shen
女皇	nv huang
女篮	nv lan
女足	nv zu
女选手	nv xuan shou
女队	nv dui
奴隶主	nu li zhu
奶茶	nai cha
奶豆	nai dou
好事将至	hao shi jiang zhi
好利来	hao li lai
好哒呀	hao da ya
好国家	hao guo jia
好声音	hao sheng yin
好年轻	hao nian qing
好想来	hao xiang lai
好汉歌	hao han ge
好礼	hao li
好突然	hao tu ran
好糖	hao tang
好运连连	hao yun lian lian
好通透	hao tong tou
如愿	ru yuan
如约而至	ru yue er zhi
如鸢	ru yuan
妇联	fu lian
妈妈	ma ma
妖姬	yao ji
妖狐	yao hu
妖股	yao gu
妙瓦底	miao wa di
妮姐	ni jie
妮露	ni lu
姆巴佩	mu ba pei
委内瑞拉	wei nei rui la
委员	wei yuan
委托书	wei tuo shu
委托人	wei tuo ren
委托单	wei tuo dan
委里	wei li
姚冠宇	yao guan yu
姚琛	yao chen
姜工	jiang gong
姨爹	yi die
威宁	wei ning
威少	wei shao
威尔士	wei er shi
威海	wei hai
威能	wei neng
娃哈哈	wa ha ha
娄底	lou di
娜娜	na na
娜扎	na zha
娜维娅	na wei ya
婆婆家	po po jia
婚书	hun shu
婚假	hun jia
婚检	hun jian
婧祎	jing yi
婺女洲	wu nv zhou
婺源	wu yuan
嫁金钗	jia jin chai
嫁金钗启宣	jia jin chai qi xuan
嫦娥	chang e
嫩牛五方	nen niu wu fang
嬴政	ying zheng
孔子	kong zi
孔距	kong ju
字节	zi jie
孙中山	sun zhong shan
孙乐	sun le
孙俪	sun li
孙千	sun qian
孙吴	sun wu
孙女	sun nv
孙尚香	sun shang xiang
孙心然	sun xin ran
孙怡	sun yi
孙悟空	sun wu kong
孙政	sun zheng
孙杨	sun yang
孙楠	sun nan
孙涛	sun tao
孙燕姿	sun yan zi
孙膑	sun bin
孙颖莎	sun ying sha
孟子义	meng zi yi
孟扬	meng yang
季前赛	ji qian sai
季度	ji du
季报	ji bao
孤岛惊魂	gu dao jing hun
学业	xue ye
学习教育	xue xi jiao yu
学信网	xue xin wang
学功夫	xue gong fu
学号	xue hao
学委	xue wei
学工部	xue gong bu
学林	xue lin
学生处	xue sheng chu
学生干部	xue sheng gan bu
学部	xue bu
学风	xue feng
孩神	hai shen
孽蜥	nie xi
宁夏	ning xia
宁安	ning an
宁德	ning de
宁德时代	ning de shi dai
宁波	ning bo
宁波大学附属人民医院	ning bo da xue fu shu ren min yi yuan
宁波银行	ning bo yin hang
宁艺卓	ning yi zhuo
宁静	ning jing
宇将军	yu jiang jun
宇智波	yu zhi bo
宇树	yu shu
宇树科技	yu shu ke ji
守岸人	shou an ren
守舍人	shou she ren
安丘	an qiu
安东内利	an dong nei li
安东尼奥	an dong ni ao
安义	an yi
安乐无忧	an le wu you
安乾镐	an qian gao
安全培训	an quan pei xun
安全教育	an quan jiao yu
安全车	an quan che
安凉	an liang
安妮	an ni
安宇	an yu
安居乐业	an ju le ye
安岳	an yue
安康	an kang
安徽	an hui
安徽江淮汽车集团	an hui jiang huai qi che ji tuan
安慰奖	an wei jiang
安排表	an pai biao
安检门	an jian men
安琪拉	an qi la
安评	an ping
安诚	an cheng
安踏	an ta
安阳	an yang
安魂曲	an hun qu
宋亚轩	song ya xuan
宋佳	song jia
宋威龙	song wei long
宋茜	song qian
宋雨琦	song yu qi
完税	wan shui
完美世界	wan mei shi jie
完赛	wan sai
宏昌	hong chang
宗地	zong di
宗师	zong shi
官俊臣	guan jun chen
定妆照	ding zhuang zhao
定榜	ding bang
定轨	ding gui
定选	ding xuan
定额	ding e
宜宾	yi bin
宜州	yi zhou
宜昌	yi chang
宜春	yi chun
宝儿姐	bao er jie
宝可梦	bao ke meng
宝子们	bao zi men
宝安区	bao an qu
宝格丽	bao ge li
宝瓶	bao ping
宝莲灯	bao lian deng
宝贝们	bao bei men
宝贝回家	bao bei hui jia
宝马	bao ma
实习生	shi xi sheng
实控人	shi kong ren
实操课	shi cao ke
实施方案	shi shi fang an
实机	shi ji
实训	shi xun
实训室	shi xun shi
实践课	shi jian ke
实验员	shi yan yuan
实验报告	shi yan bao gao
实验服	shi yan fu
实验楼	shi yan lou
审定	shen ding
审批人	shen pi ren
审核	shen he
审核人	shen he ren
审核通过	shen he tong guo
审理	shen li
审计	shen ji
审计局	shen ji ju
审计报告	shen ji bao gao
审计组	shen ji zu
审议	shen yi
审验	shen yan
客单价	ke dan jia
客户经理	ke hu jing li
客观	ke guan
宣传册	xuan chuan ce
宣传委员	xuan chuan wei yuan
宣传部	xuan chuan bu
宣讲	xuan jiang
宣讲会	xuan jiang hui
家书	jia shu
家人	jia ren
家人们	jia ren men
家国	jia guo
家委会	jia wei hui
家宴	jia yan
家有儿女	jia you er nv
容祖儿	rong zu er
宾利	bin li
宿命相逢	su ming xiang feng
宿迁	su qian
寂静岭	ji jing ling
密令	mi ling
密件	mi jian
密室大逃脱	mi shi da tao tuo
密档	mi dang
密钥	mi yue
富平	fu ping
富强	fu qiang
富贵打工	fu gui da gong
富邦悍将	fu bang han jiang
寒武纪	han wu ji
寒露	han lu
寒露时节	han lu shi jie
对弈	dui yi
对账单	dui zhang dan
寺院	si yuan
导图	dao tu
导照片	dao zhao pian
导论	dao lun
寿县	shou xian
寿司郎	shou si lang
寿回	shou hui
寿来	shou lai
封单	feng dan
将帅冲突	jiang shuai chong tu
尊姐	zun jie
尊宝	zun bao
尊爵	zun jue
尊界	zun jie
小保底	xiao bao di
小凯	xiao kai
小办公室	xiao ban gong shi
小南	xiao nan
小咬	xiao yao
小国标	xiao guo biao
小地震	xiao di zhen
小城良方	xiao cheng liang fang
小墨	xiao mo
小妲己	xiao da ji
小学部	xiao xue bu
小孩哥	xiao hai ge
小孩姐	xiao hai jie
小宝	xiao bao
小宝盒	xiao bao he
小将	xiao jiang
小小号	xiao xiao hao
小小黑	xiao xiao hei
小巷人家	xiao xiang ren jia
小度	xiao du
小微企业	xiao wei qi ye
小恩	xiao en
小柴胡	xiao chai hu
小样节	xiao yang jie
小汐	xiao xi
小沈阳	xiao shen yang
小淘气	xiao tao qi
小炮	xiao pao
小熊	xiao xiong
小猪佩奇	xiao zhu pei qi
小猫猫	xiao mao mao
小王子	xiao wang zi
小琳	xiao lin
小番茄	xiao fan qie
小礼物	xiao li wu
小米手机	xiao mi shou ji
小米澎程	xiao mi peng cheng
小糯米	xiao nuo mi
小红书	xiao hong shu
小纪	xiao ji
小肥	xiao fei
小菲	xiao fei
小萝卜	xiao luo bo
小落	xiao luo
小蜜蜂	xiao mi feng
小西湖	xiao xi hu
小规模	xiao gui mo
小豪	xiao hao
小酒馆	xiao jiu guan
小长假	xiao chang jia
小雪	xiao xue
小震	xiao zhen
小鞠	xiao ju
小飞侠	xiao fei xia
小香猪	xiao xiang zhu
小鬼	xiao gui
小鹏	xiao peng
小黄	xiao huang
小黄鸭	xiao huang ya
小黑猫	xiao hei mao
小龙妹	xiao long mei
少先队	shao xian dui
尖沙咀	jian sha zui
尘白	chen bai
尚博乐	shang bo le
尚博勒	shang bo le
尤文	you wen
尤溪	you xi
尤诺	you nuo
尤金	you jin
就放假啦	jiu fang jia la
尹净汉	yin jing han
尺帝	chi di
尼克斯	ni ke si
尼古喵喵	ni gu miao miao
尼泊尔	ni bo er
尽调	jin tiao
尾少	wei shao
尾盘	wei pan
局里	ju li
局长	ju zhang
居住证明	ju zhu zheng ming
居民身份证	ju min shen fen zheng
屋宜杏奈	wu yi xing nai
屎壳郎	shi ke lang
屏山	ping shan
展期	zhan qi
屯昌	tun chang
山东	shan dong
山东国特智能装备	shan dong guo te zhi neng zhuang bei
山东文旅景区投资集团	shan dong wen lv jing qu tou zi ji tuan
山东泰安泰山景区	shan dong tai an tai shan jing qu
山东通	shan dong tong
山姆	shan mu
山川	shan chuan
山河无恙	shan he wu yang
山河锦绣	shan he jin xiu
山神	shan shen
山西	shan xi
山雀	shan que
岁主	sui zhu
岁岁平安	sui sui ping an
岁岁年年	sui sui nian nian
岗位	gang wei
岚图	lan tu
岩土	yan tu
岳明辉	yue ming hui
岳阳	yue yang
岳阳中级人民法院	yue yang zhong ji ren min fa yuan
岳麓山	yue lu shan
峨眉山	e mei shan
崂山	lao shan
崇明	chong ming
崔哥	cui ge
崔崔	cui cui
崔然竣	cui ran jun
崔胜铉	cui sheng xuan
崩铁	beng tie
嵩山	song shan
巅峰对决	dian feng dui jue
巅峰极速	dian feng ji su
川农	chuan nong
川南	chuan nan
川普	chuan pu
巡察	xun cha
巡查组	xun cha zu
巡游	xun you
巡猎	xun lie
工业富联	gong ye fu lian
工伤保险	gong shang bao xian
工位	gong wei
工体	gong ti
工作室	gong zuo shi
工作总结	gong zuo zong jie
工作报告	gong zuo bao gao
工作提示	gong zuo ti shi
工作状态	gong zuo zhuang tai
工作证明	gong zuo zheng ming
工作部	gong zuo bu
工作队	gong zuo dui
工信	gong xin
工信局	gong xin ju
工信部	gong xin bu
工务段	gong wu duan
工博会	gong bo hui
工商	gong shang
工商联	gong shang lian
工商银行	gong shang yin hang
工委	gong wei
工程	gong cheng
工程管理	gong cheng guan li
工行	gong hang
工龄	gong ling
左奇函	zuo qi han
左左	zuo zuo
左然	zuo ran
左邓	zuo deng
巨堵	ju du
巨幕	ju mu
巨浪	ju lang
巫师	wu shi
巫鸿明	wu hong ming
差旅	chai lv
差旅费	chai lv fei
差额	cha e
已到工位	yi dao gong wei
已回家	yi hui jia
已接到	yi jie dao
已放学	yi fang xue
已离校	yi li xiao
已缴	yi jiao
巴克十	ba ke shi
巴勒斯坦	ba le si tan
巴勒斯坦队	ba le si tan dui
巴基斯坦	ba ji si tan
巴塞罗那	ba sai luo na
巴德	ba de
巴旦木	ba dan mu
巴林	ba lin
巴甲	ba jia
巴菲特	ba fei te
巴萨	ba sa
巴蒂	ba di
巴蜀	ba shu
巴西	ba xi
巴里坤	ba li kun
巴马	ba ma
巴黎	ba li
巴黎世家	ba li shi jia
巴黎时装周	ba li shi zhuang zhou
币战	bi zhan
市一中	shi yi zhong
市值	shi zhi
市场局	shi chang ju
市场监管局	shi chang jian guan ju
市场营销	shi chang ying xiao
市委	shi wei
市委书记	shi wei shu ji
市政	shi zheng
市政府	shi zheng fu
市民	shi min
市监	shi jian
市纪委	shi ji wei
市运会	shi yun hui
市院	shi yuan
布克	bu ke
布兹科娃	bu zi ke wa
布朗	bu lang
布灵	bu ling
布鲁伊	bu lu yi
帅呆了	shuai dai le
师兄	shi xiong
师德	shi de
师德师风	shi de shi feng
师生	shi sheng
师范生	shi fan sheng
希伦	xi lun
希罗	xi luo
希腊	xi la
希诺宁	xi nuo ning
希露菲	xi lu fei
帕姆	pa mu
帕尔	pa er
帕恰狗	pa qia gou
帕拉南	pa la nan
帕斯	pa si
帕萨特	pa sa te
席尔瓦	xi er wa
常伴	chang ban
常务会	chang wu hui
常宁	chang ning
常州	chang zhou
常德	chang de
常晋	chang jin
常用药	chang yong yao
常相见	chang xiang jian
常规点	chang gui dian
帽兜	mao dou
干警	gan jing
干部	gan bu
平凉	ping liang
平安	ping an
平安健康	ping an jian kang
平安喜乐	ping an xi le
平安顺遂	ping an shun sui
平将门	ping jiang men
平平	ping ping
平湖	ping hu
平邑	ping yi
平陆	ping lu
平陆运河	ping lu yun he
平顶山	ping ding shan
年度	nian du
年度考核	nian du kao he
年总	nian zong
年报	nian bao
年级组	nian ji zu
年线	nian xian
年鉴	nian jian
年锦	nian jin
幸幸福福	xing xing fu fu
幸福	xing fu
幸福美满	xing fu mei man
幸运咖	xing yun ka
幻术	huan shu
幻棱	huan leng
幼儿园	you er yuan
幽境	you jing
幽境危战	you jing wei zhan
幽影	you ying
幽邃地库	you sui di ku
幽静	you jing
广东	guang dong
广东省气象部门	guang dong sheng qi xiang bu men
广丰	guang feng
广交会	guang jiao hui
广元	guang yuan
广安	guang an
广州	guang zhou
广州南站	guang zhou nan zhan
广州塔	guang zhou ta
广工	guang gong
广播操	guang bo cao
广播站	guang bo zhan
广汽	guang qi
广联达	guang lian da
广西	guang xi
庄园主	zhuang yuan zhu
庄方宜	zhuang fang yi
庄法	zhuang fa
庆典	qing dian
庆功宴	qing gong yan
庆生	qing sheng
庆贺	qing he
庆阳	qing yang
库克	ku ke
库尔勒	ku er le
库明加	ku ming jia
库洛	ku luo
库洛米	ku luo mi
库迪	ku di
库里	ku li
应急车道	ying ji che dao
应急预案	ying ji yu an
应收账款	ying shou zhang kuan
底仓	di cang
底册	di ce
庞然大物归来	pang ran da wu gui lai
度假岛	du jia dao
度假村	du jia cun
座位表	zuo wei biao
座谈	zuo tan
座谈会	zuo tan hui
庭审	ting shen
庭长	ting zhang
康健	kang jian
康哥	kang ge
康奈尔大学	kang nai er da xue
康定	kang ding
康希诺	kang xi nuo
康神	kang shen
康神开播了	kang shen kai bo le
康辉	kang hui
康迪玛度假村	kang di ma du jia cun
廉政	lian zheng
廉江	lian jiang
廉洁	lian jie
廊坊	lang fang
延安	yan an
延时服务	yan shi fu wu
延边	yan bian
建仓	jian cang
建信	jian xin
建档立卡	jian dang li ka
建筑业	jian zhu ye
建筑工程	jian zhu gong cheng
建管	jian guan
建行生活	jian hang sheng huo
建议书	jian yi shu
建设单位	jian she dan wei
建设银行	jian she yin hang
建造师	jian zao shi
建邺	jian ye
开学典礼	kai xue dian li
开学第一课	kai xue di yi ke
开封万岁山武侠城	kai feng wan sui shan wu xia cheng
开工第一天	kai gong di yi tian
开市客	kai shi ke
开幕式	kai mu shi
开庭	kai ting
开抽	kai chou
开拓者	kai tuo zhe
开板	kai ban
开标	kai biao
开票信息	kai piao xin xi
开立	kai li
开蛇	kai she
开门战	kai men zhan
开门红	kai men hong
异想天开	yi xiang tian kai
异格	yi ge
异环	yi huan
弑仙之战	shi xian zhi zhan
弗朗西斯	fu lang xi si
弘凡	hong fan
张一山	zhang yi shan
张一鸣	zhang yi ming
张佳	zhang jia
张俊杰	zhang jun jie
张元英	zhang yuan ying
张军	zhang jun
张凌赫	zhang ling he
张函瑞	zhang han rui
张副	zhang fu
张博	zhang bo
张哲华	zhang zhe hua
张国荣	zhang guo rong
张堃鹏	zhang kun peng
张奕然	zhang yi ran
张婧仪	zhang jing yi
张子	zhang zi
张子墨	zhang zi mo
张家界	zhang jia jie
张家齐	zhang jia qi
张展硕	zhang zhan shuo
张峻豪	zhang jun hao
张帅	zhang shuai
张恒	zhang heng
张文博	zhang wen bo
张新成	zhang xin cheng
张昭	zhang zhao
张本	zhang ben
张本智和	zhang ben zhi he
张杰	zhang jie
张极	zhang ji
张桂源	zhang gui yuan
张泽禹	zhang ze yu
张浩然	zhang hao ran
张玉宁	zhang yu ning
张真源	zhang zhen yuan
张硕辅	zhang shuo fu
张碧晨	zhang bi chen
张磊	zhang lei
张秋水	zhang qiu shui
张继科	zhang ji ke
张艺兴	zhang yi xing
张若昀	zhang ruo yun
张译	zhang yi
张起灵	zhang qi ling
张远	zhang yuan
张钊	zhang zhao
张雪	zhang xue
张雪机车	zhang xue ji che
张雪迎	zhang xue ying
张韶涵	zhang shao han
弥弗	mi fu
弥渡	mi du
弯弯的月亮	wan wan de yue liang
弹壳	dan ke
强图	qiang tu
强起	qiang qi
归寂	gui ji
归档	gui dang
归集	gui ji
当事人	dang shi ren
录取通知书	lu qu tong zhi shu
形态	xing tai
彦祖	yan zu
彩云	cai yun
彩球	cai qiu
彩虹币	cai hong bi
彩蛋	cai dan
彪哥	biao ge
彪马	biao ma
彭宇	peng yu
彭昱畅	peng yu chang
彭玉	peng yu
彭玉去世	peng yu qu shi
彰人	zhang ren
影后	ying hou
影石	ying shi
影视飓风	ying shi ju feng
影锋	ying feng
彷徨	pang huang
征文	zheng wen
征求意见	zheng qiu yi jian
征管	zheng guan
征途	zheng tu
律协	lv xie
律师	lv shi
律师费	lv shi fei
徐亮	xu liang
徐和谊	xu he yi
徐州	xu zhou
徐彬	xu bin
徐徐	xu xu
徐必成	xu bi cheng
徐振轩	xu zhen xuan
徐明浩	xu ming hao
徐来	xu lai
徐杰	xu jie
徐磊	xu lei
徐良	xu liang
徐迟	xu chi
徕卡	lai ka
得分通道	de fen tong dao
得能勇志	dei neng yong zhi
得闲谨制	de xian jin zhi
循化	xun hua
微专业	wei zhuan ye
微信	wei xin
微信公众号	wei xin gong zhong hao
微信支付	wei xin zhi fu
微信红包	wei xin hong bao
微博	wei bo
微电影	wei dian ying
微积分	wei ji fen
微粒贷	wei li dai
微软	wei ruan
德令哈	de ling ha
德克	de ke
德国	de guo
德州	de zhou
德明利	de ming li
德杯	de bei
德比	de bi
德江	de jiang
德甲	de jia
德约	de yue
德约科维奇	de yue ke wei qi
德训鞋	de xun xie
德赛	de sai
德阳	de yang
德雷克	de lei ke
心之钢	xin zhi gang
心动的信号	xin dong de xin hao
心想事成	xin xiang shi cheng
心意	xin yi
心月狐	xin yue hu
心理健康	xin li jian kang
心理测评	xin li ce ping
心理课	xin li ke
心连心	xin lian xin
必达	bi da
忍法帖	ren fa tie
志鑫	zhi xin
忠县	zhong xian
忠孝	zhong xiao
忠臣	zhong chen
快乐	kuai le
快客	kuai ke
快手	kuai shou
忻州	xin zhou
怀化	huai hua
怀揣	huai chuai
怀旧服	huai jiu fu
怀柔	huai rou
怀集	huai ji
怎么还不下班	zen me hai bu xia ban
怒之杀	nu zhi sha
思想政治	si xiang zheng zhi
思想汇报	si xiang hui bao
思想道德	si xiang dao de
思政	si zheng
思政课	si zheng ke
思维导图	si wei dao tu
急性期	ji xing qi
急性肠胃炎	ji xing chang wei yan
总决赛	zong jue sai
总园	zong yuan
总局	zong ju
总工会	zong gong hui
总理	zong li
总票代	zong piao dai
总结会	zong jie hui
总行	zong hang
总装	zong zhuang
恋与深空	lian yu shen kong
恋人	lian ren
恐怖分子	kong bu fen zi
恒大	heng da
恒山	heng shan
恒星时刻	heng xing shi ke
恒生科技	heng sheng ke ji
恒生科技指数	heng sheng ke ji zhi shu
恒铭	heng ming
恩佐	en zuo
恩师	en shi
恩惠	en hui
恩施	en shi
息肉	xi rou
恶犬	e quan
恶魔狼	e mo lang
恶魔钉	e mo ding
悲情英雄	bei qing ying xiong
悼念	dao nian
情况说明	qing kuang shuo ming
情归纸笔	qing gui zhi bi
情绪价值	qing xu jia zhi
惊蛰无声	jing zhe wu sheng
惊魂迷影	jing hun mi ying
惋惜	wan xi
惠山	hui shan
惠州	hui zhou
意大利	yi da li
意见书	yi jian shu
愚人众	yu ren zhong
感恩	gan en
慕夏	mu xia
慕蝶	mu die
慕课	mu ke
慢慢	man man
慧慧饱饱	hui hui bao bao
慰问金	wei wen jin
慵懒兔	yong lan tu
懂车帝	dong che di
懂车帝测试	dong che di ce shi
懵了	meng le
戈登	ge deng
戍卫	shu wei
戏剧	xi ju
成双成对	cheng shuang cheng dui
成年队	cheng nian dui
成效	cheng xiao
成毅	cheng yi
成绩	cheng ji
成绩表	cheng ji biao
成都	cheng du
成都市	cheng du shi
成龙	cheng long
我上早八	wo shang zao ba
我不是大师	wo bu shi da shi
我不要上学	wo bu yao shang xue
我不要开学	wo bu yao kai xue
我们是冠军	wo men shi guan jun
我们来了	wo men lai le
我刚到教室	wo gang dao jiao shi
我到公司啦	wo dao gong si la
我到学校啦	wo dao xue xiao la
我到教室啦	wo dao jiao shi la
我同门	wo tong men
我和我的祖国	wo he wo de zu guo
我想留在你身边	wo xiang liu zai ni shen bian
我早八	wo zao ba
我欲成仙	wo yu cheng xian
我爱你中国	wo ai ni zhong guo
我生下来就是个	wo sheng xia lai jiu shi ge
我的世界	wo de shi jie
我的祖国	wo de zu guo
我真没招了	wo zhen mei zhao le
我节后	wo jie hou
我要去学校了	wo yao qu xue xiao le
战令	zhan ling
战区	zhan qu
战哥	zhan ge
战战	zhan zhan
战狗	zhan gou
战舞	zhan wu
战记	zhan ji
戚薇	qi wei
戴因	dai yin
户外活动	hu wai huo dong
户籍地址	hu ji di zhi
房地产	fang di chan
房屋	fang wu
房管局	fang guan ju
房证	fang zheng
所得税	suo de shui
扁平足	bian ping zu
手偶	shou ou
手写	shou xie
手性	shou xing
手抄报	shou chao bao
手术刀	shou shu dao
手枪局	shou qiang ju
手球	shou qiu
手绳	shou sheng
打假	da jia
打假赛	da jia sai
打分表	da fen biao
打印头	da yin tou
打印费	da yin fei
打和平	da he ping
打暗区	da an qu
打洲	da zhou
打箱子	da xiang zi
打背身	da bei shen
打铁花	da tie hua
托尼	tuo ni
托收	tuo shou
托管费	tuo guan fei
托育	tuo yu
托雷斯	tuo lei si
执业	zhi ye
执业证	zhi ye zheng
执政	zhi zheng
执法大队	zhi fa da dui
执法者	zhi fa zhe
执照	zhi zhao
执行官	zhi xing guan
执行局	zhi xing ju
执行费	zhi xing fei
扫描仪	sao miao yi
扫描件	sao miao jian
扫转	sao zhuan
扬子江	yang zi jiang
扬州	yang zhou
扭蛋机	niu dan ji
扮演者	ban yan zhe
扳平	ban ping
批件	pi jian
批复	pi fu
承办	cheng ban
承德	cheng de
承诺书	cheng nuo shu
承诺函	cheng nuo han
承音	cheng yin
技术中心	ji shu zhong xin
技术协议	ji shu xie yi
技术暂停	ji shu zan ting
技术服务	ji shu fu wu
技术负责人	ji shu fu ze ren
技术面	ji shu mian
抄写	chao xie
抄底	chao di
抒情	shu qing
抓取	zhua qu
抓特务	zhua te wu
投保单	tou bao dan
投标	tou biao
投毒	tou du
投诉人	tou su ren
投送	tou song
抖五	dou wu
抖音	dou yin
抗战	kang zhan
抗日	kang ri
抗渗	kang shen
抗鼠疫研究所	kang shu yi yan jiu suo
折痕	zhe hen
折腰	zhe yao
抚州	fu zhou
抛压	pao ya
抢七	qiang qi
抢号软件	qiang hao ruan jian
抢龙	qiang long
护主犬	hu zhu quan
护学	hu xue
护学岗	hu xue gang
护照	hu zhao
护盘	hu pan
护身符	hu shen fu
报名时间	bao ming shi jian
报名表	bao ming biao
报告厅	bao gao ting
报回	bao hui
报建	bao jian
报税	bao shui
报考点	bao kao dian
报送	bao song
报销单	bao xiao dan
披哥	pi ge
披荆斩棘	pi jing zhan ji
抵万金	di wan jin
抵押物	di ya wu
抽卡记录	chou ka ji lu
抽抽乐	chou chou le
抽样	chou yang
拉塞尔	la sai er
拉夏贝尔	la xia bei er
拉夫	la fu
拉姆	la mu
拉姐	la jie
拉尔夫	la er fu
拉海洛	la hai luo
拉特	la te
拉菲	la fei
拉萨	la sa
拓东	tuo dong
拓普	tuo pu
拔丝	ba si
招录	zhao lu
招投标	zhao tou biao
招标	zhao biao
招标文件	zhao biao wen jian
拜仁	bai ren
拜合拉木	bai he la mu
拜山	bai shan
拥堵	yong du
拨付	bo fu
拼团	pin tuan
拼多多	pin duo duo
拼座	pin zuo
拼贴	pin tie
拿一分	na yi fen
拿破仑	na po lun
拿被褥	na bei ru
持仓	chi cang
持卡人	chi ka ren
指导工作	zhi dao gong zuo
指导老师	zhi dao lao shi
指数	zhi shu
指环王	zhi huan wang
挑战杯	tiao zhan bei
挑战赛	tiao zhan sai
挑杯	tiao bei
挪威	nuo wei
挽昼	wan zhou
捆绑包	kun bang bao
捕获	bu huo
捕获明光	bu huo ming guang
捞批捞	lao pi lao
损益	sun yi
换刀	huan dao
换届	huan jie
换手率	huan shou lv
捷克	jie ke
掀翻	xian fan
授信	shou xin
授权书	shou quan shu
授权委托书	shou quan wei tuo shu
掉面	diao mian
掌瓦	zhang wa
排列五	pai lie wu
排球	pai qiu
掠影	lue ying
探亲假	tan qin jia
接崽	jie zai
接机	jie ji
接班人	jie ban ren
接触器	jie chu qi
接访	jie fang
接驳车	jie bo che
推荐表	tui jian biao
推进会	tui jin hui
推送	tui song
掸邦第四特区	shan bang di si te qu
提丰	ti feng
提前金	ti qian jin
提弗洛斯	ti fu luo si
提欧	ti ou
提瓦特	ti wa te
提纳里	ti na li
提货价	ti huo jia
插秧	cha yang
揭阳	jie yang
搜点	sou dian
携程	xie cheng
摊主	tan zhu
摘抄	zhai chao
摩尔	mo er
摩洛哥	mo luo ge
摩的	mo di
摩纳哥	mo na ge
摸排	mo pai
撒贝宁	sa bei ning
撕拉片	si la pian
撤诉	che su
擂台赛	lei tai sai
擂茶	lei cha
擒贼	qin zei
攀枝花	pan zhi hua
支付凭证	zhi fu ping zheng
支委	zhi wei
支委会	zhi wei hui
支行	zhi hang
支部	zhi bu
收假后	shou jia hou
收假回来	shou jia hui lai
收入证明	shou ru zheng ming
收官	shou guan
收心	shou xin
收心会	shou xin hui
收杆	shou gan
收盘	shou pan
收费站	shou fei zhan
改考	gai kao
攻击特效	gong ji te xiao
放学	fang xue
放学时间	fang xue shi jian
放宽	fang kuan
放松日浴者	fang song ri yu zhe
放的早	fang de zao
政务中心	zheng wu zhong xin
政务大厅	zheng wu da ting
政务服务	zheng wu fu wu
政委	zheng wei
政工	zheng gong
政府	zheng fu
政府工作报告	zheng fu gong zuo bao gao
政教处	zheng jiao chu
政治	zheng zhi
政治处	zheng zhi chu
政治理论	zheng zhi li lun
政治部	zheng zhi bu
政治面貌	zheng zhi mian mao
政策	zheng ce
政绩观	zheng ji guan
政采	zheng cai
故乡	gu xiang
故宫	gu gong
敌敌畏	di di wei
救生衣	jiu sheng yi
敖子	ao zi
敖尹	ao yin
敖瑞鹏	ao rui peng
教书	jiao shu
教体局	jiao ti ju
教务处	jiao wu chu
教员	jiao yuan
教学楼	jiao xue lou
教学活动	jiao xue huo dong
教学设计	jiao xue she ji
教室	jiao shi
教室门口	jiao shi men kou
教导	jiao dao
教导处	jiao dao chu
教工	jiao gong
教师	jiao shi
教师节	jiao shi jie
教师资格	jiao shi zi ge
教母	jiao mu
教研	jiao yan
教研员	jiao yan yuan
教研室	jiao yan shi
教研活动	jiao yan huo dong
教研组长	jiao yan zu zhang
教练组	jiao lian zu
教职工	jiao zhi gong
教育学院	jiao yu xue yuan
教育局	jiao yu ju
教育部	jiao yu bu
敦煌	dun huang
敦煌英雄	dun huang ying xiong
敬爱	jing ai
敬礼	jing li
数分	shu fen
数字经济	shu zi jing ji
数学	shu xue
数学书	shu xue shu
数学作业	shu xue zuo ye
数据	shu ju
数据包	shu ju bao
数据局	shu ju ju
数据标注	shu ju biao zhu
数据结构	shu ju jie gou
数智	shu zhi
数电	shu dian
数科	shu ke
数额	shu e
整场	zheng chang
整改报告	zheng gai bao gao
整治	zheng zhi
文件	wen jian
文俊辉	wen jun hui
文化中国行	wen hua zhong guo xing
文号	wen hao
文学奖	wen xue jiang
文学院	wen xue yuan
文旅局	wen lv ju
文旅局长	wen lv ju zhang
文旦柚	wen dan you
文春	wen chun
文版	wen ban
文牧野	wen mu ye
文绉绉	wen zhou zhou
文联	wen lian
文艺部	wen yi bu
斐济	fei ji
斗牛士	dou niu shi
斗破苍穹	dou po cang qiong
断雨	duan yu
斯洛伐克	si luo fa ke
斯科特	si ke te
斯维托丽娜	si wei tuo li na
斯里兰卡	si li lan ka
新乡	xin xiang
新件	xin jian
新低	xin di
新体系	xin ti xi
新剧情	xin ju qing
新加坡	xin jia po
新化	xin hua
新华传媒	xin hua chuan mei
新华社	xin hua she
新单位	xin dan wei
新史低	xin shi di
新合同	xin he tong
新国标	xin guo biao
新宝岛	xin bao dao
新岗位	xin gang wei
新技术	xin ji shu
新时代文明实践中心	xin shi dai wen ming shi jian zhong xin
新易盛	xin yi sheng
新月	xin yue
新材	xin cai
新枪	xin qiang
新模式	xin mo shi
新歌	xin ge
新疆	xin jiang
新皮肤	xin pi fu
新网	xin wang
新老	xin lao
新联邦	xin lian bang
新股	xin gu
新花	xin hua
新英雄	xin ying xiong
新裤子	xin ku zi
新西兰	xin xi lan
新起点	xin qi dian
新都桥	xin du qiao
新闻发布会	xin wen fa bu hui
新闻稿	xin wen gao
新闻联播	xin wen lian bo
新青年	xin qing nian
新音	xin yin
新食堂	xin shi tang
新高	xin gao
方中山	fang zhong shan
方圆荟	fang yuan hui
方斯	fang si
方案	fang an
方程	fang cheng
方程豹	fang cheng bao
方羽	fang yu
施工方案	shi gong fang an
旅社	lv she
旋转木马	xuan zhuan mu ma
旗手	qi shou
无人机	wu ren ji
无人深空	wu ren shen kong
无双	wu shuang
无可替代	wu ke ti dai
无尽冬日	wu jin dong ri
无意义感	wu yi yi gan
无漾	wu yang
无畏契约	wu wei qi yue
无职	wu zhi
无职转生	wu zhi zhuan sheng
无言	wu yan
无还本	wu huan ben
无锡	wu xi
无限暖暖	wu xian nuan nuan
无题	wu ti
日元	ri yuan
日冕	ri mian
日奈	ri nai
日常工作	ri chang gong zuo
日托	ri tuo
日报	ri bao
日晷	ri gui
日本	ri ben
日本政府	ri ben zheng fu
日本队	ri ben dui
日照	ri zhao
日落之城	ri luo zhi cheng
日落海	ri luo hai
日薪	ri xin
日韩	ri han
旧珍宝	jiu zhen bao
旧表	jiu biao
早七	zao qi
早上坏	zao shang huai
早八	zao ba
早六	zao liu
早十	zao shi
早操	zao cao
早春晴朗	zao chun qing lang
早晚温差	zao wan wen cha
早田	zao tian
早盘	zao pan
早自习	zao zi xi
早读	zao du
早雾	zao wu
早高峰	zao gao feng
早鸟	zao niao
时代峰峻	shi dai feng jun
时光代理人	shi guang dai li ren
时光服	shi guang fu
时光机	shi guang ji
时节	shi jie
时装周	shi zhuang zhou
时间表	shi jian biao
时限	shi xian
时隔	shi ge
旷课	kuang ke
昆明	kun ming
昌吉	chang ji
昌平	chang ping
昌盛	chang sheng
明国平	ming guo ping
明天上学了	ming tian shang xue le
明天就上班了	ming tian jiu shang ban le
明天就开学了	ming tian jiu kai xue le
明天就放假了	ming tian jiu fang jia le
明天就要上班了	ming tian jiu yao shang ban le
明天早八	ming tian zao ba
明宇	ming yu
明宰铉	ming zai xuan
明家	ming jia
明家犯罪集团	ming jia fan zui ji tuan
明月	ming yue
明珍珍	ming zhen zhen
明细	ming xi
明细表	ming xi biao
明音	ming yin
易烊千玺	yi yang qian xi
昔涟	xi lian
星元	xing yuan
星光卡	xing guang ka
星光对决	xing guang dui jue
星反应	xing fan ying
星声	xing sheng
星尘	xing chen
星巴克	xing ba ke
星布谷地	xing bu gu di
星扩散	xing kuo san
星期一	xing qi yi
星期二	xing qi er
星期五	xing qi wu
星期六	xing qi liu
星期四	xing qi si
星期日	xing qi ri
星涵	xing han
星火社	xing huo she
星烁	xing shuo
星球	xing qiu
星琼	xing qiong
星神	xing shen
星穹	xing qiong
星穹铁道	xing qiong tie dao
星舰	xing jian
星超导	xing chao dao
星铁	xing tie
星链	xing lian
星雨	xing yu
春晚	chun wan
春秋假	chun qiu jia
春蕾	chun lei
春运	chun yun
昨夜风	zuo ye feng
昭珏	zhao jue
昭衍新药	zhao yan xin yao
显眼包	xian yan bao
晋城	jin cheng
晚宴	wan yan
晚接	wan jie
晚晚	wan wan
晨宇	chen yu
晨检	chen jian
晨间	chen jian
普京	pu jing
普天同庆	pu tian tong qing
普天间基地	pu tian jian ji di
普普	pu pu
普查员	pu cha yuan
普涨	pu zhang
普通班	pu tong ban
景喻	jing yu
景德镇	jing de zhen
景旺	jing wang
景燃	jing ran
景甜	jing tian
晴明	qing ming
晶圆	jing yuan
晶石	jing shi
智利	zhi li
智和	zhi he
智慧校园	zhi hui xiao yuan
智界	zhi jie
智能体	zhi neng ti
智能制造	zhi neng zhi zao
智谱	zhi pu
智造	zhi zao
智驾	zhi jia
暖心	nuan xin
暖暖	nuan nuan
暖阳	nuan yang
暖雪	nuan xue
暖风	nuan feng
暗盘	an pan
暴雨	bao yu
暹罗厘普	xian luo li pu
曲阜	qu fu
曲阳	qu yang
曲靖	qu jing
曹云金	cao yun jin
曹妃甸	cao fei dian
曹杨	cao yang
曼城	man cheng
曼昱	man yu
曼联	man lian
曼谷	man gu
曾沛慈	zeng pei ci
曾舜晞	ceng shun xi
替罪羊	ti zui yang
最低温	zui di wen
最终幻想	zui zhong huan xiang
月亮河	yue liang he
月付	yue fu
月儿	yue er
月光	yue guang
月光闪	yue guang shan
月兔	yue tu
月圆	yue yuan
月均	yue jun
月如水	yue ru shui
月感电	yue gan dian
月报	yue bao
月报表	yue bao biao
月明	yue ming
月满	yue man
月牙泉	yue ya quan
月狐	yue hu
月球	yue qiu
月盘	yue pan
月线	yue xian
月结晶	yue jie jing
月色	yue se
月谕	yue yu
有早八	you zao ba
有棵树	you ke shu
有点凉	you dian liang
有研	you yan
有线鼠标	you xian shu biao
有限	you xian
有限公司	you xian gong si
朋友的酒	peng you de jiu
服兵役	fu bing yi
服务区	fu wu qu
望月	wang yue
朝鲜	chao xian
木吉他	mu ji ta
木糖醇	mu tang chun
未完待续	wei wan dai xu
未完虫	wei wan chong
未来往事	wei lai wang shi
未花	wei hua
末日幻影	mo ri huan ying
本周	ben zhou
本周五	ben zhou wu
本周六	ben zhou liu
本周日	ben zhou ri
本季度	ben ji du
本息	ben xi
本源	ben yuan
本福德	ben fu de
朱一龙	zhu yi long
朱亚文	zhu ya wen
朱家小馆	zhu jia xiao guan
朱志鑫	zhu zhi xin
朱忠明	zhu zhong ming
朱映宸	zhu ying chen
朴元彬	pu yuan bin
朴时宇	pu shi yu
朵朵	duo duo
机关	ji guan
机关党委	ji guan dang wei
机动车	ji dong che
机器学习	ji qi xue xi
机构	ji gou
机枪兵	ji qiang bing
机械制图	ji xie zhi tu
机械工程	ji xie gong cheng
机械设计	ji xie she ji
机洗	ji xi
机芯	ji xin
朽叶	xiu ye
杀死比尔	sha si bi er
杀狐	sha hu
杀青	sha qing
杀青快乐	sha qing kuai le
杂志社	za zhi she
杂货商	za huo shang
权属	quan shu
权能	quan neng
杆位	gan wei
李一桐	li yi tong
李乃文	li nai wen
李京泽	li jing ze
李佳怡	li jia yi
李佳琦	li jia qi
李佳琪	li jia qi
李侗曾	li dong ceng
李健	li jian
李先生	li xian sheng
李光洙	li guang zhu
李克勤	li ke qin
李勒优	li le you
李华	li hua
李四	li si
李坚	li jian
李妍	li yan
李子园	li zi yuan
李宁	li ning
李宇	li yu
李宇春	li yu chun
李宗伟	li zong wei
李寻欢	li xun huan
李小璐	li xiao lu
李帅	li shuai
李平	li ping
李强	li qiang
李彦蓉	li yan rong
李律	li lv
李思琪	li si qi
李想	li xiang
李慕婉	li mu wan
李斌	li bin
李昀锐	li yun rui
李昊	li hao
李期奕	li qi yi
李柱延	li zhu yan
李梦	li meng
李楠	li nan
李永乐	li yong le
李沁	li qin
李洋	li yang
李洙赫	li zhu he
李浩然	li hao ran
李涵	li han
李清照	li qing zhao
李渊	li yuan
李煜东	li yu dong
李熊猫	li xiong mao
李玉刚	li yu gang
李玟	li wen
李现	li xian
李琦	li qi
李白	li bai
李磊	li lei
李耕耘	li geng yun
李艺彤	li yi tong
李荣浩	li rong hao
李虎	li hu
李锐	li rui
李雨桐	li yu tong
李饼	li bing
李马克	li ma ke
杏叶	xing ye
材质包	cai zhi bao
村级	cun ji
村集体	cun ji ti
村霸	cun ba
杜兰特	du lan te
杜淳	du chun
杜翠雀	du cui que
条例	tiao li
条款	tiao kuan
来安	lai an
来宾	lai bin
来战	lai zhan
来打瓦	lai da wa
杨丞琳	yang cheng lin
杨坤	yang kun
杨婷	yang ting
杨幂	yang mi
杨杰	yang jie
杨林好	yang lin hao
杨洋	yang yang
杨浦区	yang pu qu
杨瀚森	yang han sen
杨琴	yang qin
杨紫	yang zi
杨翰森	yang han sen
杨超越	yang chao yue
杨迪	yang di
杭州	hang zhou
杭州七号电竞俱乐部	hang zhou qi hao dian jing ju le bu
杭州交警	hang zhou jiao jing
杭州市	hang zhou shi
杯套	bei tao
杯贴	bei tie
杰士邦	jie shi bang
杰尼	jie ni
杰斯	jie si
杰诺	jie nuo
松原	song yuan
松发	song fa
松岛	song dao
松阳	song yang
板书	ban shu
板了	ban le
板块	ban kuai
板鸭	ban ya
极客湾	ji ke wan
极氪	ji ke
极禹	ji yu
极限挑战	ji xian tiao zhan
林俊杰	lin jun jie
林允	lin yun
林克	lin ke
林剑	lin jian
林峰	lin feng
林州	lin zhou
林心如	lin xin ru
林志炫	lin zhi xuan
林志玲	lin zhi ling
林树	lin shu
林珍娜	lin zhen na
林芝	lin zhi
林草	lin cao
林草局	lin cao ju
林诗栋	lin shi dong
林锦岐	lin jin qi
林高远	lin gao yuan
林鹏	lin peng
果宝特攻	guo bao te gong
果糖	guo tang
枣庄	zao zhuang
枣阳	zao yang
枪男	qiang nan
枫糖	feng tang
柏林	bo lin
柏源	bai yuan
某幻	mou huan
染祥	ran xiang
染详	ran xiang
查拉耶娃	cha la ye wa
查档	cha dang
查理苏	cha li su
柬埔寨	jian pu zhai
柯洁	ke jie
柯淳	ke chun
柳州	liu zhou
柳州站	liu zhou zhan
柳江	liu jiang
柳絮	liu xu
柴渣虫	chai zha chong
柴火灶	chai huo zao
柿柿如意	shi shi ru yi
标书	biao shu
标准版	biao zhun ban
校企	xiao qi
校医	xiao yi
校史馆	xiao shi guan
校团委	xiao tuan wei
校园招聘	xiao yuan zhao pin
校园送	xiao yuan song
校地	xiao de
校对	jiao dui
校招	xiao zhao
校牌	xiao pai
校级	xiao ji
校记录	xiao ji lu
校车	xiao che
校运会	xiao yun hui
校门口	xiao men kou
株洲	zhu zhou
栲栳山	kao lao shan
样书	yang shu
核光钟	he guang zhong
核准	he zhun
核减	he jian
核医学	he yi xue
核定	he ding
核实	he shi
核管	he guan
核验	he yan
根正苗红	gen zheng miao hong
格兰球	ge lan qiu
格兰种子	ge lan zhong zi
格尔木	ge er mu
格栅	ge shan
格里芬	ge li fen
格雷	ge lei
格鲁吉亚	ge lu ji ya
桂恒	gui heng
桂月	gui yue
桂林	gui lin
桂瑞	gui rui
桂花开了	gui hua kai le
桂花香	gui hua xiang
桂香	gui xiang
桂鱼	gui yu
桃晚安	tao wan an
桃李	tao li
桃神	tao shen
桃胶木薯	tao jiao mu shu
案件	an jian
案例	an li
案卷	an juan
案号	an hao
案源	an yuan
案由	an you
桑延	sang yan
桑托斯	sang tuo si
档案	dang an
档案室	dang an shi
档案馆	dang an guan
桨板	jiang ban
梁咏琪	liang yong qi
梁家辉	liang jia hui
梁平	liang ping
梁洛施	liang luo shi
梁靖崑	liang jing kun
梅奔	mei ben
梅姨	mei yi
梅婷	mei ting
梅尔滕斯	mei er teng si
梅德韦杰夫	mei de wei jie fu
梅毒	mei du
梅老板	mei lao ban
梅西	mei xi
梅雨	mei yu
梓墨	zi mo
梓渝	zi yu
梦之队	meng zhi dui
梦岚	meng lan
梦州	meng zhou
梦幻岛	meng huan dao
梦泪	meng lei
梦溪	meng xi
梦见月	meng jian yue
梦限大	meng xian da
梧桐大道	wu tong da dao
梧桐树	wu tong shu
梨形	li xing
梭鱼湾	suo yu wan
梯队	ti dui
检定	jian ding
检票口	jian piao kou
棉鞋	mian xie
棋手	qi shou
棋手战鹰	qi shou zhan ying
棋棋	qi qi
棋盘	qi pan
棣棣	di di
森巨人	sen ju ren
森源	sen yuan
森豆丁	sen dou ding
棱镜	leng jing
棱镜球	leng jing qiu
植物学	zhi wu xue
椒人	jiao ren
楚秉杰	chu bing jie
楚辞	chu ci
楚钦	chu qin
概念神	gai nian shen
概率论	gai lv lun
概算	gai suan
榆中	yu zhong
榆林	yu lin
樊思琪	fan si qi
樊振东	fan zhen dong
樊正东	fan zheng dong
模型机	mo xing ji
模电	mo dian
横刀	heng dao
横店	heng dian
横沥	heng li
横滨	heng bin
横琴	heng qin
橹橹	lu lu
橹穆	lu mu
檀健次	tan jian ci
欠税	qian shui
次元卡	ci yuan ka
次级	ci ji
欢乐	huan le
欢你	huan ni
欢度	huan du
欢度国庆	huan du guo qing
欢愉	huan yu
欢愉主	huan yu zhu
欢愉队	huan yu dui
欢迎来龙餐馆	huan ying lai long can guan
欧乐堡	ou le bao
欧冠	ou guan
欧国联	ou guo lian
欧坤	ou kun
欧坤呀	ou kun ya
欧巴	ou ba
欧洲	ou zhou
欧洲杯	ou zhou bei
欧盟	ou meng
欧若拉	ou ruo la
欧莱雅	ou lai ya
欧豪	ou hao
欧门	ou men
欲言难止	yu yan nan zhi
歌唱	ge chang
歌唱祖国	ge chang zu guo
歌手	ge shou
歌者归来	ge zhe gui lai
歌迷	ge mi
止跌	zhi die
正泰	zheng tai
此时	ci shi
此沙	ci sha
步行者	bu xing zhe
武器池	wu qi chi
武士裤	wu shi ku
武大	wu da
武威	wu wei
武宣	wu xuan
武昌站	wu chang zhan
武林外传	wu lin wai zhuan
武汉	wu han
武汉大学	wu han da xue
武汉站	wu han zhan
武汉网球公开赛	wu han wang qiu gong kai sai
武理	wu li
武穴	wu xue
武隆	wu long
死亡禁区实录	si wang jin qu shi lu
死因	si yin
死执	si zhi
死水	si shui
死龙	si long
残星会	can xing hui
残联	can lian
殡仪馆	bin yi guan
段嘉许	duan jia xu
母亲	mu qin
比亚迪	bi ya di
比利时	bi li shi
比斯特	bi si te
比格椰	bi ge ye
比特币	bi te bi
比萨	bi sa
毕节	bi jie
毛不易	mao bu yi
毛伟杰	mao wei jie
毛利率	mao li lv
毛宁	mao ning
毛选	mao xuan
毛阿敏	mao a min
民事	min shi
民初	min chu
民安	min an
民政	min zheng
民政局	min zheng ju
民法	min fa
民法典	min fa dian
民生银行	min sheng yin hang
民警	min jing
民进党	min jin dang
民间借贷	min jian jie dai
气泵	qi beng
氛围感	fen wei gan
水东游	shui dong you
水刃	shui ren
水利水电	shui li shui dian
水务局	shui wu ju
水域	shui yu
水妖	shui yao
水拉	shui la
水浒传	shui hu zhuan
水滴筹	shui di chou
水砂	shui sha
水立方	shui li fang
水贝	shui bei
水资源	shui zi yuan
永劫无间	yong jie wu jian
永垂不朽	yong chui bu xiu
永州	yong zhou
永州队	yong zhou dui
永新	yong xin
永泰	yong tai
永眠镇	yong mian zhen
永福	yong fu
永远不死	yong yuan bu si
永鼎	yong ding
求是	qiu shi
汇总	hui zong
汇总表	hui zong biao
汇报材料	hui bao cai liao
汇票	hui piao
汉中	han zhong
汉川	han chuan
汕头	shan tou
汗巾	han jin
江华城	jiang hua cheng
江南	jiang nan
江油	jiang you
江波龙	jiang bo long
江淮	jiang huai
江淮汽车	jiang huai qi che
江苏	jiang su
江西	jiang xi
江豚	jiang tun
江门	jiang men
江阴	jiang yin
池州	chi zhou
池昌旭	chi chang xu
污水处理	wu shui chu li
汤山	tang shan
汤汤	shang shang
汪苏泷	wang su long
汪顺	wang shun
汶川	wen chuan
汽修二班	qi xiu er ban
沃尔沃	wo er wo
沃尔玛	wo er ma
沃格	wo ge
沃雅妮莎	wo ya ni sha
沃雅尼莎	wo ya ni sha
沈伯洋	shen bo yang
沈嘉兰	shen jia lan
沈子航	shen zi hang
沈星回	shen xing hui
沈月	shen yue
沈梦溪	shen meng xi
沈腾	shen teng
沈阳	shen yang
沈鼓	shen gu
沙一汀	sha yi ting
沙二	sha er
沙特	sha te
沙特联军	sha te lian jun
沙玥儿	sha yue er
沙皇	sha huang
沙虫	sha chong
沙鹰	sha ying
没早八	mei zao ba
沧元图	cang yuan tu
沧澜	cang lan
沪昆	hu kun
沪昆高速	hu kun gao su
沪深	hu shen
沪电	hu dian
沭阳	shu yang
河北	he bei
河南	he nan
河头老街	he tou lao jie
河池	he chi
河洛	he luo
河海	he hai
河源	he yuan
油价	you jia
油气	you qi
油甘	you gan
治愈兔	zhi yu tu
泉州	quan zhou
法人	fa ren
法务	fa wu
法医秦明	fa yi qin ming
法国	fa guo
法官	fa guan
法定	fa ding
法定代表人	fa ding dai biao ren
法宣阁	fa xuan ge
法尔孔	fa er kong
法庭	fa ting
法律援助	fa lv yuan zhu
法拉利	fa la li
法条	fa tiao
法治在线	fa zhi zai xian
法源寺	fa yuan si
法硕	fa shuo
法考	fa kao
法院	fa yuan
泗县	si xian
泡泡	pao pao
泡泡岛	pao pao dao
泡泡玛特	pao pao ma te
波兰	bo lan
波尔	bo er
波音	bo yin
波黑	bo hei
注册地	zhu ce di
注册证	zhu ce zheng
泪奔	lei ben
泪桥	lei qiao
泰勒	tai le
泰国	tai guo
泰坦尼克号	tai tan ni ke hao
泰奶	tai nai
泰安	tai an
泰山区	tai shan qu
泰山景区	tai shan jing qu
泰州	tai zhou
泰州队	tai zhou dui
泰警方	tai jing fang
泰隆	tai long
泸县	lu xian
泸州	lu zhou
泸州音乐节	lu zhou yin yue jie
泽丽	ze li
泽林	ze lin
泽泽	ze ze
泽连斯基	ze lian si ji
洗晒	xi shai
洗盘	xi pan
洛克希	luo ke xi
洛克王国	luo ke wang guo
洛克茜	luo ke qian
洛克贝	luo ke bei
洛基	luo ji
洛天依	luo tian yi
洛恩	luo en
洛杉矶	luo shan ji
洛琪希	luo qi xi
洛茜	luo qian
洛阳	luo yang
洛鱼	luo yu
洪山	hong shan
洪武	hong wu
洪知秀	hong zhi xiu
活久久	huo jiu jiu
活佛	huo fo
活塞	huo sai
活色生香	huo se sheng xiang
派克	pai ke
派发	pai fa
流向	liu xiang
流式	liu shi
流星	liu xing
流浪地球	liu lang di qiu
流程	liu cheng
流走了	liu zou le
测序	ce xu
测试员	ce shi yuan
济公	ji gong
济南	ji nan
济南大学	ji nan da xue
济宁	ji ning
济源	ji yuan
浓厚	nong hou
浙政钉	zhe zheng ding
浙江	zhe jiang
浙江警方	zhe jiang jing fang
浠水	xi shui
浣熊市	huan xiong shi
浦东	pu dong
浦北	pu bei
浦城	pu cheng
浦寨风情街	pu zhai feng qing jie
浩克	hao ke
浮梦	fu meng
海上注碳增气平台	hai shang zhu tan zeng qi ping tai
海事	hai shi
海信	hai xin
海力士	hai li shi
海南	hai nan
海南自贸港	hai nan zi mao gang
海口	hai kou
海城	hai cheng
海墟	hai xu
海宁	hai ning
海峡	hai xia
海底捞	hai di lao
海报	hai bao
海来阿木	hai lai a mu
海港	hai gang
海能	hai neng
海蛎	hai li
海西	hai xi
海豚	hai tun
海运费	hai yun fei
海门	hai men
海陆空	hai lu kong
海霞	hai xia
涅槃	nie pan
消保	xiao bao
消费券	xiao fei quan
消费贷	xiao fei dai
涉诈	she zha
涠洲岛	wei zhou dao
涨价	zhang jia
涨停	zhang ting
涨停板	zhang ting ban
涨幅	zhang fu
涪陵	fu ling
涵江	han jiang
淄博	zi bo
淑元	shu yuan
淑柔	shu rou
淘宝	tao bao
淘宝闪购	tao bao shan gou
淘汰	tao tai
淘汰赛	tao tai sai
淮北	huai bei
淮南	huai nan
淮安	huai an
淮河	huai he
深信服	shen xin fu
深圳	shen zhen
深圳大运中心体育场	shen zhen da yun zhong xin ti yu chang
深圳通	shen zhen tong
深塔	shen ta
深大	shen da
深海队	shen hai dui
深深的	shen shen de
深渊	shen yuan
深渊无间	shen yuan wu jian
深物业	shen wu ye
深科技	shen ke ji
混三	hun san
混刷	hun shua
混双	hun shuang
混死	hun si
混池	hun chi
混烟	hun yan
混的入	hun de ru
清华	qing hua
清收	qing shou
清查	qing cha
清欠	qing qian
清水湾	qing shui wan
清波寨	qing bo zhai
清清	qing qing
清税	qing shui
清融	qing rong
清远	qing yuan
清霄	qing xiao
渊上	yuan shang
渔力全开	yu li quan kai
渝超	yu chao
渤海	bo hai
温子仁	wen zi ren
温州	wen zhou
温控器	wen kong qi
温莎	wen sha
渭源	wei yuan
港澳	gang ao
港版	gang ban
游园	you yuan
游园会	you yuan hui
游本昌	you ben chang
游泳课	you yong ke
湄潭	mei tan
湖北	hu bei
湖北省	hu bei sheng
湖南	hu nan
湖南省	hu nan sheng
湘办通	xiang ban tong
湘潭	xiang tan
湘西	xiang xi
湘超	xiang chao
湛江	zhan jiang
湾区	wan qu
湿地公园	shi di gong yuan
源杰	yuan jie
源杰科技	yuan jie ke ji
滑蛋饭	hua dan fan
滔博	tao bo
滔搏	tao bo
滕州	teng zhou
滕王阁	teng wang ge
滚回山中去	gun hui shan zhong qu
滞纳金	zhi na jin
满人	man ren
满座	man zuo
满进	man jin
满链	man lian
滨州	bin zhou
滨江道	bin jiang dao
滨海湾	bin hai wan
滴滴	di di
漂南	piao nan
漂泊	piao bo
演唱会	yan chang hui
漠然	mo ran
漫蛙	man wa
漳州	zhang zhou
漳浦县	zhang pu xian
潍坊	wei fang
潘婷	pan ting
潘子	pan zi
潘宏	pan hong
潘展乐	pan zhan le
潘玮柏	pan wei bo
潜射	qian she
潭石	tan shi
潮州	chao zhou
潮汐	chao xi
潮汕	chao shan
潮阳	chao yang
澎程	peng cheng
澳大利亚	ao da li ya
澳洋	ao yang
澳门	ao men
激情邀约	ji qing yao yue
瀚森	han sen
火姐	huo jie
火影忍者	huo ying ren zhe
火星演唱会	huo xing yan chang hui
火灵儿	huo ling er
火烈鸟	huo lie niao
火猫	huo mao
火箭	huo jian
火锅店	huo guo dian
灯会	deng hui
灯光秀	deng guang xiu
灯火	deng huo
灯灯	deng deng
灯谜	deng mi
灰产	hui chan
灵初	ling chu
灵动岛	ling dong dao
灵知	ling zhi
灵超	ling chao
灼燃	zhuo ran
炉火	lu huo
炉石传说	lu shi chuan shuo
炖奶	dun nai
炫彩球	xuan cai qiu
炫彩蛋	xuan cai dan
炫神	xuan shen
炸弹妹	zha dan mei
炸板	zha ban
点亮星空	dian liang xing kong
点券	dian quan
点卷	dian juan
点映	dian ying
点淘	dian tao
点球	dian qiu
点球大战	dian qiu da zhan
炼化	lian hua
烟位	yan wei
烟台	yan tai
烟筒	yan tong
烟花	yan hua
烟花秀	yan hua xiu
烤盘饭	kao pan fan
烤羊	kao yang
烤肉蘸酸奶	kao rou zhan suan nai
热刺	re ci
热工	re gong
热巴	re ba
热线	re xian
热苏斯	re su si
热辣香骨鸡	re la xiang gu ji
热闹	re nao
烽火杯	feng huo bei
焦作	jiao zuo
焦煤	jiao mei
焦距	jiao ju
煤炭	mei tan
煤电	mei dian
熊大	xiong da
熊市	xiong shi
熊艺文	xiong yi wen
熔断了	rong duan le
燃薪虫	ran xin chong
燃霜	ran shuang
燕儿	yan er
爆发夜	bao fa ye
爆料	bao liao
爆条	bao tiao
爆爆爆	bao bao bao
爆破	bao po
爆种	bao zhong
爆金币	bao jin bi
爱可菲	ai ke fei
爱国	ai guo
爱奇艺	ai qi yi
爱尔兰	ai er lan
爱师	ai shi
爱心	ai xin
爱情公寓	ai qing gong yu
爱我中华	ai wo zhong hua
爱马仕	ai ma shi
爵士	jue shi
爷叔	ye shu
爸爸当家第五季	ba ba dang jia di wu ji
爻光	yao guang
爽玩	shuang wan
片长	pian chang
版本前瞻	ban ben qian zhan
版面费	ban mian fei
牛哲	niu zhe
牛坤	niu kun
牛奶湖	niu nai hu
牛家坊	niu jia fang
牛来	niu lai
牛郎织女	niu lang zhi nv
牛首山	niu shou shan
牛魔	niu mo
牢布	lao bu
牢记	lao ji
牧羊人	mu yang ren
物产	wu chan
物华弥新	wu hua mi xin
物理	wu li
物理实验	wu li shi yan
牵头	qian tou
特发	te fa
特困	te kun
特斯拉	te si la
特朗普	te lang pu
特朗普政府	te lang pu zheng fu
特种设备	te zhong she bei
特立独行	te li du xing
特色作业	te se zuo ye
特辑	te ji
特长生	te chang sheng
犍为	qian wei
狂想	kuang xiang
狂潮	kuang chao
狂风暴雨	kuang feng bao yu
狐妖小红娘	hu yao xiao hong niang
狗熊哆嗦毛	gou xiong duo suo mao
狱神	yu shen
狼卫	lang wei
狼尊	lang zun
狼母	lang mu
狼牙行动	lang ya xing dong
狼队	lang dui
猎场	lie chang
猎月	lie yue
猎月人	lie yue ren
猎鹰	lie ying
猛兽派对	meng shou pai dui
猛龙	meng long
猜灯谜	cai deng mi
猪颈肉	zhu jing rou
猫人	mao ren
猫爬架	mao pa jia
猫爷	mao ye
猫眼	mao yan
献花	xian hua
獠犬	liao quan
玄方	xuan fang
玄方城	xuan fang cheng
玉兔	yu tu
玉林	yu lin
玉池	yu chi
玉泽	yu ze
玉簟秋	yu dian qiu
玉簟秋预告	yu dian qiu yu gao
王一博	wang yi bo
王一涵	wang yi han
王佳佳	wang jia jia
王俊凯	wang jun kai
王俊杰	wang jun jie
王先生	wang xian sheng
王凯	wang kai
王力	wang li
王力宏	wang li hong
王劲松	wang jin song
王勇	wang yong
王嘉尔	wang jia er
王圣	wang sheng
王奕	wang yi
王威	wang wei
王子轩	wang zi xuan
王宁	wang ning
王安宇	wang an yu
王宝强	wang bao qiang
王心凌	wang xin ling
王慧	wang hui
王明	wang ming
王星	wang xing
王昭君	wang zhao jun
王晓慧	wang xiao hui
王晶	wang jing
王曼昱	wang man yu
王栎鑫	wang yue xin
王棋	wang qi
王森旭	wang sen xu
王楚然	wang chu ran
王楚钦	wang chu qin
王橹杰	wang lu jie
王欣	wang xin
王欣怡	wang xin yi
王洪斌	wang hong bin
王源	wang yuan
王灿	wang can
王玉栋	wang yu dong
王玉雯	wang yu wen
王琳	wang lin
王皓	wang hao
王祖贤	wang zu xian
王科	wang ke
王者万象棋	wang zhe wan xiang qi
王者荣耀	wang zhe rong yao
王聪	wang cong
王艳	wang yan
王艺迪	wang yi di
王菲	wang fei
王虹	wang hong
王赫野	wang he ye
王辉	wang hui
王钰栋	wang yu dong
王铮亮	wang zheng liang
王队	wang dui
王阿姨	wang a yi
王飞	wang fei
王鹤棣	wang he di
玛薇卡	ma wei ka
玩具商	wan ju shang
玩的开心	wan de kai xin
玩蛋仔	wan dan zai
玫瑰园	mei gui yuan
环亚	huan ya
环网柜	huan wang gui
环评	huan ping
现在就出发	xian zai jiu chu fa
现在就出发第四季	xian zai jiu chu fa di si ji
玳瑁	dai mao
玻尿酸	bo niao suan
珊比	shan bi
珍品	zhen pin
珐露姗	fa lu shan
珐露珊	fa lu shan
珠三角	zhu san jiao
珠峰	zhu feng
珠江新城	zhu jiang xin cheng
珠海	zhu hai
班会	ban hui
班会课	ban hui ke
班子成员	ban zi cheng yuan
班牌	ban pai
球王	qiu wang
球神	qiu shen
琅琊古城	lang ya gu cheng
理学院	li xue yuan
琳奈	lin nai
琴心	qin xin
琴酒	qin jiu
琵琶曲	pi pa qu
琵琶行	pi pa xing
琼海	qiong hai
瑞一杯	rui yi bei
瑞众	rui zhong
瑞典	rui dian
瑞典皇家科学院	rui dian huang jia ke xue yuan
瑞士	rui shi
瑞安	rui an
瑞幸	rui xing
瑞金	rui jin
璃月	li yue
璇玑	xuan ji
璇非	xuan fei
瓦列里	wa lie li
瓦学妹	wa xue mei
瓦尔基里	wa er ji li
瓦屋山	wa wu shan
瓦批	wa pi
瓦蕾莎	wa lei sha
甄嬛传	zhen huan zhuan
甄子丹	zhen zi dan
甘棠	gan tang
甘肃	gan su
甘肃省	gan su sheng
甜品店	tian pin dian
甜玉米	tian yu mi
甜甜糕	tian tian gao
生于华夏	sheng yu hua xia
生化危机	sheng hua wei ji
生周	sheng zhou
生命树	sheng ming shu
生命线	sheng ming xian
生态环境	sheng tai huan jing
生日场	sheng ri chang
生日快乐	sheng ri kuai le
生源地	sheng yuan di
生物	sheng wu
生物化学	sheng wu hua xue
生的印记	sheng de yin ji
生益	sheng yi
生益科技	sheng yi ke ji
生科	sheng ke
生贺组	sheng he zu
生逢其时	sheng feng qi shi
用书	yong shu
用工	yong gong
用心	yong xin
田嘉瑞	tian jia rui
田小娟	tian xiao juan
田径	tian jing
田径场	tian jing chang
田径队	tian jing dui
田心	tian xin
田曦薇	tian xi wei
田林	tian lin
田柾国	tian jiu guo
田栩宁	tian xu ning
田老师	tian lao shi
田馥甄	tian fu zhen
甲修	jia xiu
甲子	jia zi
甲骨文	jia gu wen
申惟	shen wei
申报	shen bao
申报表	shen bao biao
申摊	shen tan
申裕斌	shen yu bin
申请人	shen qing ren
申请表	shen qing biao
电卷	dian juan
电子化	dian zi hua
电子版	dian zi ban
电子税务局	dian zi shui wu ju
电子竞技	dian zi jing ji
电子签名	dian zi qian ming
电子营业执照	dian zi ying ye zhi zhao
电磁场	dian ci chang
电科院	dian ke yuan
电解质水	dian jie zhi shui
电镜	dian jing
电闪雷鸣	dian shan lei ming
电队	dian dui
男单	nan dan
男双	nan shuang
男团	nan tuan
男子	nan zi
男孩	nan hai
男排	nan pai
男明星	nan ming xing
男童	nan tong
男篮	nan lan
男足	nan zu
画之灵	hua zhi ling
界碑	jie bei
界车	jie che
留洋	liu yang
番禺	pan yu
畸变	ji bian
疗休养	liao xiu yang
疯四	feng si
疯狂动物城	feng kuang dong wu cheng
疯狂星期四	feng kuang xing qi si
疾速追杀	ji su zhui sha
病假	bing jia
病害	bing hai
病理科	bing li ke
痛楼	tong lou
痤疮	cuo chuang
登报	deng bao
登机牌	deng ji pai
登记表	deng ji biao
登记证	deng ji zheng
登记证书	deng ji zheng shu
白世奎	bai shi kui
白云区	bai yun qu
白云站	bai yun zhan
白俄罗斯	bai e luo si
白姐	bai jie
白宇	bai yu
白宫	bai gong
白家犯罪集团	bai jia fan zui ji tuan
白应苍	bai ying cang
白敬亭	bai jing ting
白术	bai zhu
白条	bai tiao
白歌单	bai ge dan
白清	bai qing
白狐社	bai hu she
白磊	bai lei
白银	bai yin
白雪公主	bai xue gong zhu
白露	bai lu
白鹅潭	bai e tan
白鹿	bai lu
百万豪车	bai wan hao che
百业战	bai ye zhan
百事可乐	bai shi ke le
百事通	bai shi tong
百妖谱	bai yao pu
百度	bai du
百日攻坚	bai ri gong jian
百花杀	bai hua sha
百草枯	bai cao ku
百里守约	bai li shou yue
皇牌空战	huang pai kong zhan
皇马	huang ma
皓月	hao yue
皖皖	wan wan
皮耶罗	pi ye luo
盐城	yan cheng
盐湖	yan hu
监事	jian shi
监委	jian wei
监测户	jian ce hu
盒子里的羊	he zi li de yang
盒马	he ma
盖章	gai zhang
盘中	pan zhong
盘前	pan qian
盘后	pan hou
盘州	pan zhou
盘锦	pan jin
盘龙	pan long
盘龙区	pan long qu
盛世	sheng shi
盛世华诞	sheng shi hua dan
目标价	mu biao jia
直博	zhi bo
直板	zhi ban
直架	zhi jia
相关信息	xiang guan xin xi
相关材料	xiang guan cai liao
相思	xiang si
盾丹	dun dan
省委	sheng wei
省局	sheng ju
省政府	sheng zheng fu
省纪委	sheng ji wei
省钱月卡	sheng qian yue ka
省长	sheng zhang
省院	sheng yuan
眉县	mei xian
眉山	mei shan
看餐	kan can
真我	zhen wo
真珠	zhen zhu
真白花音	zhen bai hua yin
真言	zhen yan
着色器	zhuo se qi
督办	du ban
瞌睡王	ke shui wang
矢量	shi liang
矢量突破	shi liang tu po
知到	zhi dao
知否	zhi fou
知否原名	zhi fou yuan ming
知情	zhi qing
知识产权	zhi shi chan quan
石凯	shi kai
石墨烯	shi mo xi
石宇奇	shi yu qi
石榴墙	shi liu qiang
石洵瑶	shi xun yao
石祥威	shi xiang wei
石螺	shi luo
石长姬	shi chang ji
石阡	shi qian
石首	shi shou
矿大	kuang da
砀山	dang shan
研修	yan xiu
研招网	yan zhao wang
研究方向	yan jiu fang xiang
研究生	yan jiu sheng
研究生院	yan jiu sheng yuan
研讨会	yan tao hui
砖皮	zhuan pi
破位	po wei
破坏神	po huai shen
破轮	po lun
破韧	po ren
砸盘	za pan
硅谷	gui gu
硬核返乡车	ying he fan xiang che
确实冷	que shi leng
确认书	que ren shu
确认函	que ren han
碎钻	sui zuan
碰头会	peng tou hui
碰杯	peng bei
碳板	tan ban
磁县	ci xian
磋商	cuo shang
示范课	shi fan ke
礼册	li ce
礼奈	li nai
礼拿	li na
礼节	li jie
礼金	li jin
社会工作	she hui gong zuo
社保	she bao
社保局	she bao ju
社保补贴	she bao bu tie
社保费	she bao fei
社工部	she gong bu
社招	she zhao
祁连县	qi lian xian
祁连文旅	qi lian wen lv
祖国	zu guo
祖国万岁	zu guo wan sui
祖国妈妈	zu guo ma ma
祖国母亲	zu guo mu qin
祖国生日	zu guo sheng ri
祖国繁荣昌盛	zu guo fan rong chang sheng
祖庙	zu miao
祖训	zu xun
祝大家	zhu da jia
祝愿	zhu yuan
祝祖国	zhu zu guo
祝福	zhu fu
祝福祖国	zhu fu zu guo
祝福语	zhu fu yu
祝老师	zhu lao shi
祝贺	zhu he
神中神	shen zhong shen
神代类	shen dai lei
神兽	shen shou
神婆	shen po
神捕	shen bu
神探	shen tan
神探之痕迹	shen tan zhi hen ji
神王	shen wang
神童	shen tong
神舟	shen zhou
神话皮	shen hua pi
神里绫华	shen li ling hua
票证	piao zheng
禄冠	lu guan
福利金	fu li jin
福安	fu an
福州	fu zhou
福州市	fu zhou shi
福师大	fu shi da
福建	fu jian
福建地震	fu jian di zhen
福建永鸿野生动物世界	fu jian yong hong ye sheng dong wu shi jie
福泉	fu quan
福清	fu qing
福田	fu tian
福马	fu ma
福鼎	fu ding
福龙马	fu long ma
离开家很过分打撒	li kai jia hen guo fen da sa
离散	li san
离职证明	li zhi zheng ming
离退休	li tui xiu
离队	li dui
禾伙人	he huo ren
禾木	he mu
禾苗	he miao
秀山	xiu shan
私户	si hu
秋假	qiu jia
秋分	qiu fen
秋季赛	qiu ji sai
秋宵节	qiu xiao jie
秋水广场	qiu shui guang chang
秋田	qiu tian
秋秋人	qiu qiu ren
秋色	qiu se
秋裤	qiu ku
种树	zhong shu
科一	ke yi
科创	ke chuang
科创园	ke chuang yuan
科创板	ke chuang ban
科协	ke xie
科学与技术	ke xue yu ji shu
科学课	ke xue ke
科室	ke shi
科小	ke xiao
科工	ke gong
科技	ke ji
科技处	ke ji chu
科技局	ke ji ju
科技股	ke ji gu
科技节	ke ji jie
科教	ke jiao
科普	ke pu
科研	ke yan
科研处	ke yan chu
秒跟	miao gen
秘书处	mi shu chu
秘书长	mi shu zhang
秘鲁	bi lu
租房合同	zu fang he tong
租房补贴	zu fang bu tie
租赁合同	zu lin he tong
秦岭	qin ling
秦彻	qin che
秦皇岛	qin huang dao
秦霄贤	qin xiao xian
秧秧	yang yang
积存金	ji cun jin
积极分子	ji ji fen zi
移送	yi song
程宇	cheng yu
程潇	cheng xiao
税务	shui wu
税务局	shui wu ju
税款	shui kuan
税源	shui yuan
税率	shui lv
税种	shui zhong
税钱	shui qian
税额	shui e
稚楚	zhi chu
稳标	wen biao
稻城亚丁	dao cheng ya ding
稿图	gao tu
穆欣悦	mu xin yue
穆欣月	mu xin yue
穆祉丞	mu zhi cheng
空仓	kong cang
空单	kong dan
空投	kong tou
空枪	kong qiang
空气能	kong qi neng
空空儿	kong kong er
空空颅	kong kong lu
空调费	kong tiao fei
空轨	kong gui
穿外套了	chuan wai tao le
突击兵	tu ji bing
突围	tu wei
突围赛	tu wei sai
突如其来	tu ru qi lai
突然崛起	tu ran jue qi
窑湖小镇	yao hu xiao zhen
窥镜	kui jing
立住	li zhu
立方人	li fang ren
立柱	li zhu
立案	li an
立案庭	li an ting
立项	li xiang
竞技体育	jing ji ti yu
竞逐	jing zhu
章子怡	zhang zi yi
章昊	zhang hao
章涛	zhang tao
章程	zhang cheng
章若楠	zhang ruo nan
竣工图	jun gong tu
竣工验收	jun gong yan shou
端午节	duan wu jie
笔尖	bi jian
符合要求	fu he yao qiu
第一书记	di yi shu ji
第一课	di yi ke
第三间	di san jian
第二课堂	di er ke tang
第五人格	di wu ren ge
第五局	di wu ju
第四局	di si ju
笼中鸟	long zhong niao
等掉	deng diao
等节后	deng jie hou
筋膜刀	jin mo dao
答题红包	da ti hong bao
策略组	ce lue zu
筠连	jun lian
筹备组	chou bei zu
签发	qian fa
签字盖章	qian zi gai zhang
签章	qian zhang
简单爱	jian dan ai
简阳	jian yang
管护	guan hu
管栎	guan li
管理中心	guan li zhong xin
管理办法	guan li ban fa
管理学	guan li xue
管理学院	guan li xue yuan
管理局	guan li ju
管理系统	guan li xi tong
管理群	guan li qun
管理部	guan li bu
篁岭	huang ling
篮板	lan ban
米兰	mi lan
米卡	mi ka
米哈拉	mi ha la
米哈游	mi ha you
米国	mi guo
米垃圾	mi la ji
米处	mi chu
米娅	mi ya
米提亚	mi ti ya
米歇尔	mi xie er
米池	mi chi
米老头	mi lao tou
米菲	mi fei
类司	lei si
粉星仔	fen xing zai
粉笔	fen bi
粉粉星	fen fen xing
粤政易	yue zheng yi
粤港澳大湾区	yue gang ao da wan qu
粤西	yue xi
粤超	yue chao
精测	jing ce
精英组	jing ying zu
系主任	xi zhu ren
系统	xi tong
系部	xi bu
索尼	suo ni
索拉里斯	suo la li si
紧急制动	jin ji zhi dong
紧缺	jin que
紫幻	zi huan
紫晶	zi jing
紫气东来	zi qi dong lai
紫琅	zi lang
紫竹	zi zhu
紫花	zi hua
紫荆	zi jing
紫荆花	zi jing hua
紫金矿业	zi jin kuang ye
紫霖	zi lin
綦江	qi jiang
繁华	fan hua
繁花	fan hua
繁荣	fan rong
繁荣昌盛	fan rong chang sheng
红军	hong jun
红包	hong bao
红包雨	hong bao yu
红头	hong tou
红头文件	hong tou wen jian
红弩箭	hong nu jian
红教堂	hong jiao tang
红旗	hong qi
红旗下	hong qi xia
红板	hong ban
红果短剧	hong guo duan ju
红毯	hong tan
红海	hong hai
红熊茄茄	hong xiong qie qie
红牌	hong pai
红皮	hong pi
红米	hong mi
红胎	hong tai
红袖	hong xiu
红豆沙	hong dou sha
红领巾	hong ling jin
红鱼	hong yu
纪委	ji wei
纪录	ji lu
纪律	ji lv
纪律性	ji lv xing
纪念日	ji nian ri
纪梵希	ji fan xi
纪检	ji jian
纪检组	ji jian zu
纱裙	sha qun
纲要	gang yao
纳指	na zhi
纳斯达克	na si da ke
纳税人	na shui ren
纳西妲	na xi da
纷争	fen zheng
纸条	zhi tiao
纸质材料	zhi zhi cai liao
纸质版	zhi zhi ban
纸鹤	zhi he
纹玉	wen yu
纽卡	niu ka
纽约	niu yue
线上会议	xian shang hui yi
线上面试	xian shang mian shi
线性代数	xian xing dai shu
练习册	lian xi ce
组会	zu hui
组六	zu liu
组委	zu wei
组织关系	zu zhi guan xi
组织部	zu zhi bu
细则	xi ze
终审	zhong shen
终局	zhong ju
终局之战	zhong ju zhi zhan
终末地	zhong mo di
终章	zhong zhang
终端	zhong duan
绍兴	shao xing
绍兴交警	shao xing jiao jing
经办	jing ban
经办人	jing ban ren
经理	jing li
经营性	jing ying xing
经营者	jing ying zhe
经营范围	jing ying fan wei
经营许可证	jing ying xu ke zheng
绑关系	bang guan xi
结城理	jie cheng li
结婚纪念日	jie hun ji nian ri
结构件	jie gou jian
结汇	jie hui
结算单	jie suan dan
结题	jie ti
绘卷	hui juan
绘旅人	hui lv ren
绚烂	xuan lan
绝区零	jue qu ling
绝境	jue jing
绝平	jue ping
绝技	jue ji
绝杀	jue sha
统信	tong xin
统战部	tong zhan bu
统计员	tong ji yuan
统计局	tong ji ju
统计表	tong ji biao
绥化	sui hua
继续教育	ji xu jiao yu
绩效考核	ji xiao kao he
绫华	ling hua
续保了	xu bao le
续贷	xu dai
绯色	fei se
绯英	fei ying
绯雪	fei xue
维修基金	wei xiu ji jin
维密	wei mi
维尼修斯	wei ni xiu si
维度	wei du
维斯塔潘	wei si ta pan
维斯娜	wei si na
维斯纳	wei si na
维港	wei gang
维里奈	wei li nai
绵竹	mian zhu
绵阳	mian yang
绵阳交警	mian yang jiao jing
综合	zong he
综合征	zong he zheng
综合症	zong he zheng
综合部	zong he bu
综治	zong zhi
综治中心	zong zhi zhong xin
综评	zeng ping
绿巨人	lv ju ren
绿树	lv shu
绿电	lv dian
绿道	lv dao
绿龙	lv long
缅北	mian bei
缅北电诈覆灭纪实	mian bei dian zha fu mie ji shi
缅怀	mian huai
缅怀先烈	mian huai xian lie
缅方	mian fang
缅甸	mian dian
缇宝	ti bao
编办	bian ban
缤果	bin guo
缩招	suo zhao
缩量	suo liang
缴存	jiao cun
缴款	jiao kuan
缺勤	que qin
缺席	que xi
网信	wang xin
网厅	wang ting
网商	wang shang
网报	wang bao
网易	wang yi
网格	wang ge
网格员	wang ge yuan
网球	wang qiu
网红小四爷	wang hong xiao si ye
网络安全	wang luo an quan
网警	wang jing
网银	wang yin
罗丽	luo li
罗云熙	luo yun xi
罗哥	luo ge
罗夏	luo xia
罗小黑	luo xiao hei
罗布乐思	luo bu le si
罗德岛	luo de dao
罗恩	luo en
罗意威	luo yi wei
罗斯	luo si
罗源	luo yuan
罗罗	luo luo
罗莎	luo sha
罗马	luo ma
罚金	fa jin
罪安	zui an
罪案	zui an
羊咩	yang mie
羊城通	yang cheng tong
羊羔	yang gao
羊蹄山	yang ti shan
美乐蒂	mei le di
美以	mei yi
美债	mei zhai
美元	mei yuan
美光	mei guang
美军	mei jun
美卡	mei ka
美团	mei tuan
美国	mei guo
美国联邦调查局	mei guo lian bang diao cha ju
美国警方	mei guo jing fang
美心	mei xin
美日	mei ri
美洲	mei zhou
美满	mei man
美联储	mei lian chu
美股	mei gu
美西螈	mei xi yuan
美诺华	mei nuo hua
美队	mei dui
羡澄	xian cheng
群发	qun fa
群腐	qun fu
群英	qun ying
羽毛球	yu mao qiu
翁牛特旗	weng niu te qi
翅翅	chi chi
翔翔	xiang xiang
翠湖	cui hu
耀世	yao shi
耀圣	yao sheng
耀文	yao wen
老乐乐	lao le le
老伯	lao bo
老先生	lao xian sheng
老凤祥	lao feng xiang
老君山	lao jun shan
老婆饼	lao po bing
老家	lao jia
老将	lao jiang
老尼	lao ni
老干妈	lao gan ma
老干爹	lao gan die
老庄	lao zhuang
老库	lao ku
老成	lao cheng
老挝	lao wo
老江湖	lao jiang hu
老汤	lao tang
老狼	lao lang
老穆	lao mu
老艺术家	lao yi shu jia
老詹	lao zhan
老邦	lao bang
老霸	lao ba
老龄	lao ling
考核表	kao he biao
考评	kao ping
考试时间	kao shi shi jian
考试院	kao shi yuan
耐克	nai ke
耐受	nai shou
耿斯汉	geng si han
聂玮辰	nie wei chen
聊城	liao cheng
职业年金	zhi ye nian jin
职业规划	zhi ye gui hua
职务	zhi wu
职级	zhi ji
职责	zhi ze
职院	zhi yuan
联合会	lian he hui
联合体	lian he ti
联合国	lian he guo
联审	lian shen
联络员	lian luo yuan
联调	lian diao
聘书	pin shu
聘任	pin ren
聘用	pin yong
聚宝盆	ju bao pen
肃宁	su ning
肉山	rou shan
肉铺子	rou pu zi
肖战	xiao zhan
肖战及其工作室	xiao zhan ji qi gong zuo shi
肖战工作室	xiao zhan gong zuo shi
肛肠	gang chang
股东	gu dong
股东会	gu dong hui
股价	gu jia
股份	gu fen
股份有限公司	gu fen you xian gong si
股室	gu shi
股市	gu shi
股权	gu quan
股灾	gu zai
股票	gu piao
股长	gu zhang
肥东	fei dong
肯德基	ken de ji
育儿假	yu er jia
育儿补贴	yu er bu tie
背头	bei tou
背屏	bei ping
背身	bei shen
背饰	bei shi
胖东来	pang dong lai
胖皇	pang huang
胜利女神	sheng li nv shen
胜平	sheng ping
胜者组	sheng zhe zu
胡先煦	hu xian xu
胡军	hu jun
胡塞	hu sai
胡塞武装	hu sai wu zhuang
胡杨林	hu yang lin
胡歌	hu ge
胡波	hu bo
胡荷韬	hu he tao
胡锡进	hu xi jin
胸椎	xiong zhui
能源	neng yuan
能源局	neng yuan ju
脱贫户	tuo pin hu
腾势	teng shi
腾讯	teng xun
腾讯文档	teng xun wen dang
腾讯游戏	teng xun you xi
腾讯视频	teng xun shi pin
腾讯音乐榜	teng xun yin yue bang
自强	zi qiang
自担	zi dan
自染	zi ran
自查自纠	zi cha zi jiu
自然人	zi ran ren
自然子刊	zi ran zi kan
自然资源	zi ran zi yuan
自然资源局	zi ran zi yuan ju
自由的你	zi you de ni
自筹	zi chou
自规局	zi gui ju
自评	zi ping
自贡	zi gong
自走棋	zi zou qi
自选图	zi xuan tu
至冬	zhi dong
至宝	zhi bao
致远	zhi yuan
臻彩	zhen cai
舅舅家	jiu jiu jia
舍人	she ren
舞娘	wu niang
舞蹈新风暴	wu dao xin feng bao
舟山	zhou shan
航神	hang shen
航航	hang hang
航运	hang yun
舵机	duo ji
良秀	liang xiu
良辰	liang chen
艺兴	yi xing
艺术家	yi shu jia
艺术节	yi shu jie
艾克赛尔	ai ke sai er
艾因	ai yin
艾达	ai da
节中	jie zhong
节前	jie qian
节后再说	jie hou zai shuo
节后再说吧	jie hou zai shuo ba
节后发	jie hou fa
节后来	jie hou lai
节后第一天	jie hou di yi tian
节后见	jie hou jian
节日	jie ri
节日快乐	jie ri kuai le
节日期间	jie ri qi jian
节气	jie qi
芒果	mang guo
芙宁娜	fu ning na
芙蕾雅	fu lei ya
芜湖	wu hu
芬超	fen chao
芬达	fen da
芭莎	ba sha
花名册	hua ming ce
花呗	hua bei
花坊	hua fang
花坛	hua tan
花好月圆	hua hao yue yuan
花少	hua shao
花少北	hua shao bei
花开锦绣	hua kai jin xiu
花海	hua hai
花灯	hua deng
花生与葱花	hua sheng yu cong hua
花种	hua zhong
花缘	hua yuan
花花	hua hua
花融	hua rong
花车	hua che
花辞	hua ci
花辞树	hua ci shu
花都	hua du
花骨朵	hua gu duo
苍兰诀	cang lan jue
苍南	cang nan
苍梧	cang wu
苍溪	cang xi
苍翼	cang yi
苏丹	su dan
苏北	su bei
苏子	su zi
苏州	su zhou
苏新皓	su xin hao
苏格兰	su ge lan
苏炳添	su bing tian
苏烈	su lie
苏联	su lian
苏西	su xi
苏诚	su cheng
苏超	su chao
苏轼	su shi
苏醒	su xing
苒苒	ran ran
苔藓	tai xian
若娜瓦	ruo na wa
若若	ruo ruo
苯乙烯	ben yi xi
英伟达	ying wei da
英冠	ying guan
英国	ying guo
英格兰	ying ge lan
英歌	ying ge
英歌舞	ying ge wu
英灵神殿	ying ling shen dian
英烈	ying lie
英特尔	ying te er
英维克	ying wei ke
英超	ying chao
英雄联盟	ying xiong lian meng
苹果	ping guo
茂县	mao xian
范丞丞	fan cheng cheng
范冰冰	fan bing bing
范思哲	fan si zhe
范思琪	fan si qi
范文	fan wen
范波	fan bo
茅台	mao tai
茉莉奶白	mo li nai bai
茶姬	cha ji
茶颜悦色	cha yan yue se
荆州	jing zhou
荆芥	jing jie
草书	cao shu
草根	cao gen
草神	cao shen
草莓酱	cao mei jiang
荔湾	li wan
荣耀	rong yao
荣耀典藏	rong yao dian cang
荣获	rong huo
药卡	yao ka
药学部	yao xue bu
药学院	yao xue yuan
药屋	yao wu
药明	yao ming
药明康德	yao ming kang de
药理学	yao li xue
荷兰	he lan
莆田	pu tian
莉娜	li na
莎头	sha tou
莎莎	sha sha
莒县	ju xian
莫伊拉	mo yi la
莫娜	mo na
莫宁	mo ning
莫弈	mo yi
莫得闲	mo de xian
莫德里奇	mo de li qi
莫思雨	mo si yu
莫愁	mo chou
莫文蔚	mo wen wei
莫斯科	mo si ke
莫斯科地区	mo si ke di qu
莱万汀	lai wan ting
莱奥	lai ao
莱欧	lai ou
莱茵多特	lai yin duo te
莲花古城	lian hua gu cheng
莲荷里	lian he li
莲蓉	lian rong
获利	huo li
获批	huo pi
莽侠	mang xia
莽村	mang cun
菈乌玛	la wu ma
菏泽	he ze
菜单	cai dan
菜篮子	cai lan zi
菲利克斯	fei li ke si
菲律宾	fei lv bin
菲欧妮	fei ou ni
萌粒	meng li
萍乡	ping xiang
营业图	ying ye tu
营业执照	ying ye zhi zhao
营口	ying kou
营商	ying shang
营商环境	ying shang huan jing
萧敬腾	xiao jing teng
萨卡	sa ka
萨巴	sa ba
萨摩耶	sa mo ye
萱御制药集团	xuan yu zhi yao ji tuan
落后	luo hou
落地签	luo di qian
落尘	luo chen
落池	luo chi
葛仙村	ge xian cun
葡萄牙	pu tao ya
葡萄牙国家队	pu tao ya guo jia dui
葡萄牙总理	pu tao ya zong li
董卿	dong qing
董奉	dong feng
董宇辉	dong yu hui
董路	dong lu
葫芦娃	hu lu wa
葫芦岛	hu lu dao
蒂芙尼	di fu ni
蒋万安	jiang wan an
蒋敦豪	jiang dun hao
蒙城	meng cheng
蒙多	meng duo
蒙彼利埃冠军赛	meng bi li ai guan jun sai
蒙版	meng ban
蒯曼	kuai man
蒲熠星	pu yi xing
蒽对	en dui
蓝仁	lan ren
蓝月亮	lan yue liang
蓝染	lan ran
蓝毒兽	lan du shou
蓝盾	lan dun
蓝票	lan piao
蓝队	lan dui
蔗糖	zhe tang
蔚来	wei lai
蔚蓝档案	wei lan dang an
蔚蓝边际	wei lan bian ji
蔡依林	cai yi lin
蔡健雅	cai jian ya
蔡司	cai si
蔡天凤	cai tian feng
蔡康永	cai kang yong
蔡康永微博账号	cai kang yong wei bo zhang hao
蔡徐坤	cai xu kun
薄肌理论	bo ji li lun
薇丝娜	wei si na
薇斯纳	wei si na
薇薇安	wei wei an
薛之谦	xue zhi qian
薛其坤	xue qi kun
薛凯琪	xue kai qi
薪资结构	xin zi jie gou
藏战术	cang zhan shu
藏海	cang hai
藏海传	cang hai chuan
藏红花	zang hong hua
藏马熊	zang ma xiong
藤原	teng yuan
藿藿	huo huo
蘑菇屋	mo gu wu
蘸水菜	zhan shui cai
虎跳峡	hu tiao xia
虎蹲	hu dun
虎门	hu men
虎鲸	hu jing
虚构	xu gou
虚照	xu zhao
虞书欣	yu shu xin
虹光	hong guang
虽迟但到	sui chi dan dao
蛋仔	dan zai
蛋仔派对	dan zai pai dui
蛋蛋黑	dan dan hei
蛙老板	wa lao ban
蛙趣蛙趣	wa qu wa qu
蛙跳	wa tiao
蜀山	shu shan
蝶变	die bian
螺丝钉	luo si ding
蟹肉	xie rou
血律	xue lv
血族	xue zu
血泡	xue pao
血祖	xue zu
血色	xue se
血色全传	xue se quan zhuan
行人	xing ren
行内	hang nei
行动值	xing dong zhi
行政处罚	xing zheng chu fa
行政复议	xing zheng fu yi
行政服务中心	xing zheng fu wu zhong xin
行程图	xing cheng tu
衍射	yan she
衡山	heng shan
衡水	heng shui
衡阳	heng yang
衢州	qu zhou
补作业	bu zuo ye
补充协议	bu chong xie yi
补时	bu shi
补测	bu ce
补班	bu ban
补缴	bu jiao
补跌	bu die
补选	bu xuan
表征	biao zheng
袁一琦	yuan yi qi
袁基	yuan ji
袁娅维	yuan ya wei
袁思俊	yuan si jun
袋口	dai kou
被保险人	bei bao xian ren
被告	bei gao
被害人	bei hai ren
被执行人	bei zhi xing ren
裁决书	cai jue shu
裁判员	cai pan yuan
裁定	cai ding
裁定书	cai ding shu
装修贷	zhuang xiu dai
裴轶	pei yi
裸枪	luo qiang
裸考	luo kao
褐鳟	he zun
襄阳	xiang yang
襄阳轴承	xiang yang zhou cheng
西丽	xi li
西九龙	xi jiu long
西亚	xi ya
西北大学	xi bei da xue
西博城	xi bo cheng
西双版纳	xi shuang ban na
西宁	xi ning
西安	xi an
西安站	xi an zhan
西平	xi ping
西广场	xi guang chang
西江	xi jiang
西游记	xi you ji
西湖区	xi hu qu
西班牙	xi ban ya
西瓜皮	xi gua pi
西甲	xi jia
西藏	xi zang
要冻死了	yao dong si le
要节后	yao jie hou
见习生	jian xi sheng
观景台	guan jing tai
观海	guan hai
观音桥	guan yin qiao
规上	gui shang
规模	gui mo
规范	gui fan
角球	jiao qiu
角色池	jue se chi
解体	jie ti
解放军	jie fang jun
解禁	jie jin
解解	jie jie
解雨臣	jie yu chen
言雪	yan xue
詹姆斯	zhan mu si
詹记	zhan ji
詹雯婷	zhan wen ting
警保	jing bao
警报	jing bao
警方	jing fang
警示教育	jing shi jiao yu
计入	ji ru
计分板	ji fen ban
计生	ji sheng
讨龙	tao long
让一	rang yi
让一追二	rang yi zhui er
让二	rang er
让二追三	rang er zhui san
议程	yi cheng
议题	yi ti
记录员	ji lu yuan
记忆主	ji yi zhu
记忆管理局	ji yi guan li ju
记忆队	ji yi dui
讲台	jiang tai
讲稿	jiang gao
讲话稿	jiang hua gao
许兰香	xu lan xiang
许凯	xu kai
许则	xu ze
许可证	xu ke zheng
许哥	xu ge
许妍	xu yan
许嵩	xu song
许延	xu yan
许愿池	xu yuan chi
许昌	xu chang
许昕	xu xin
许晴	xu qing
许立	xu li
许继	xu ji
许老师	xu lao shi
访美	fang mei
证书	zheng shu
证券	zheng quan
证明	zheng ming
证明材料	zheng ming cai liao
证照	zheng zhao
证监会	zheng jian hui
评价表	ping jia biao
评估价	ping gu jia
评分表	ping fen biao
评审	ping shen
评审会	ping shen hui
评标	ping biao
评议	ping yi
诉状	su zhuang
诉讼费	su song fei
诊断证明	zhen duan zheng ming
词曲	ci qu
诏安	zhao an
试剂盒	shi ji he
试妆	shi zhuang
语文	yu wen
语文书	yu wen shu
语文作业	yu wen zuo ye
语文作文	yu wen zuo wen
误删	wu shan
误封	wu feng
说唱巅峰对决	shuo chang dian feng dui jue
请柬	qing jian
诸城	zhu cheng
诸暨	zhu ji
诺贝尔	nuo bei er
诺贝尔化学奖	nuo bei er hua xue jiang
诺贝尔奖	nuo bei er jiang
诺贝尔生理学或医学奖	nuo bei er sheng li xue huo yi xue jiang
诺里斯	nuo li si
读书笔记	du shu bi ji
课后服务	ke hou fu wu
课后服务费	ke hou fu wu fei
课文	ke wen
课服	ke fu
课程表	ke cheng biao
课表	ke biao
课间	ke jian
课间操	ke jian cao
调令	diao ling
调价	tiao jia
调休	tiao xiu
调查表	diao cha biao
调档	diao dang
调研报告	diao yan bao gao
调解书	tiao jie shu
调解员	tiao jie yuan
谈心谈话	tan xin tan hua
谐波	xie bo
谜塔	mi ta
谜底	mi di
谜语	mi yu
谢三	xie san
谢娜	xie na
谢霆锋	xie ting feng
谭咏麟	tan yong lin
谭松韵	tan song yun
谱面	pu mian
谷歌	gu ge
豁达	huo da
豆瓣	dou ban
象山	xiang shan
象州	xiang zhou
象行记	xiang xing ji
豫园	yu yuan
貂蝉	diao chan
贝丽尔	bei li er
贝宁	bei ning
贝宁队	bei ning dui
贝林	bei lin
贝洛内	bei luo nei
贝瑞	bei rui
贝瑟	bei se
贞子	zhen zi
负平	fu ping
负负	fu fu
负责人	fu ze ren
财务	cai wu
财务处	cai wu chu
财务报表	cai wu bao biao
财务科	cai wu ke
财报	cai bao
财政	cai zheng
财政厅	cai zheng ting
财政局	cai zheng ju
财政部	cai zheng bu
财源滚滚	cai yuan gun gun
财神	cai shen
财神爷	cai shen ye
财税	cai shui
财经	cai jing
财通	cai tong
财金	cai jin
败者	bai zhe
败者组	bai zhe zu
账户	zhang hu
质保金	zhi bao jin
质证	zhi zheng
贪饕	tan tao
购房合同	gou fang he tong
购汇	gou hui
购物金	gou wu jin
购进	gou jin
购销	gou xiao
贴息	tie xi
贵妇沛慈来了	gui fu pei ci lai le
贵州	gui zhou
贵港	gui gang
贵重	gui zhong
贵阳	gui yang
贸易商	mao yi shang
费用	fei yong
贺卡	he ka
贺嘉述	he jia shu
贺图	he tu
贺峻霖	he jun lin
贾乃亮	jia nai liang
贾冰	jia bing
资产	zi chan
资产负债表	zi chan fu zhai biao
资信	zi xin
资料	zi liao
资质	zi zhi
资金	zi jin
赋分	fu fen
赋完分	fu wan fen
赋码	fu ma
赎回	shu hui
赏月	shang yue
赏花	shang hua
赔偿金	pei chang jin
赖伟明	lai wei ming
赖斯	lai si
赖清德	lai qing de
赖神	lai shen
赖老师	lai lao shi
赛义德	sai yi de
赛制	sai zhi
赛力斯	sai li si
赛区	sai qu
赛季球	sai ji qiu
赛希	sai xi
赛点	sai dian
赛琳娜	sai lin na
赛门	sai men
赞赏	zan shang
赣县	gan xian
赣州	gan zhou
赣锋	gan feng
赤天化	chi tian hua
赤峰	chi feng
赫则	he ze
赫尔辛基	he er xin ji
赵一鸣	zhao yi ming
赵丽颖	zhao li ying
赵今麦	zhao jin mai
赵信	zhao xin
赵四	zhao si
赵希伦	zhao xi lun
赵星棠	zhao xing tang
赵汝亮	zhao ru liang
赵雨凡	zhao yu fan
赵露思	zhao lu si
赵飞	zhao fei
赵鹏	zhao peng
赵龙	zhao long
起来重睡	qi lai chong shui
起猛了	qi meng le
起诉书	qi su shu
起诉状	qi su zhuang
起跑	qi pao
起风了	qi feng le
超格	chao ge
超级飞侠	chao ji fei xia
超跌	chao die
超长蛋挞	chao chang dan ta
越位	yue wei
越位了	yue wei le
越南	yue nan
足协	zu xie
足球	zu qiu
趵突泉	bao tu quan
跌停	die ting
跌停板	die ting ban
跌幅	die fu
跌成	die cheng
跌麻了	die ma le
跑操	pao cao
跑跳	pao tiao
跛脚羊	bo jiao yang
跟岗	gen gang
跟师	gen shi
跨代	kua dai
跨境通	kua jing tong
跨栏	kua lan
路易斯	lu yi si
路虎	lu hu
路霸	lu ba
跳水	tiao shui
踏勘	ta kan
踩刹车	cai sha che
踩断	cai duan
身体健康	shen ti jian kang
身体原因	shen ti yuan yin
车厢	che xiang
车手	che shou
车流	che liu
车流量	che liu liang
车长	che zhang
轩染	xuan ran
轩辕甲	xuan yuan jia
转接头	zhuan jie tou
转盘	zhuan pan
转盘头	zhuan pan tou
转让费	zhuan rang fei
转赠	zhuan zeng
轮动	lun dong
轮换了	lun huan le
轮训	lun xun
软硬件	ruan ying jian
软胎	ruan tai
软脚	ruan jiao
软通	ruan tong
轰隆	hong long
轻仓	qing cang
轻功	qing gong
轻拍背部	qing pai bei bu
轻舟	qing zhou
载物	zai wu
辅具	fu ju
辅助驾驶	fu zhu jia shi
输球	shu qiu
输电	shu dian
辛克莱	xin ke lai
辛勤	xin qin
辞章	ci zhang
辟谣	pi yao
边伯贤	bian bo xian
边狱巴士	bian yu ba shi
辽代碑志文研究	liao dai bei zhi wen yan jiu
辽宁	liao ning
辽阳	liao yang
达妮卡	da ni ka
达达利亚	da da li ya
过中秋	guo zhong qiu
过线	guo xian
过节后	guo jie hou
过节期间	guo jie qi jian
迈阿密	mai a mi
运城	yun cheng
运来	yun lai
运河	yun he
近卫	jin wei
返利	fan li
返校时间	fan xiao shi jian
这国庆	zhe guo qing
这能输	zhe neng shu
进博会	jin bo hui
进卡池	jin ka chi
进度款	jin du kuan
进度表	jin du biao
进攻图	jin gong tu
进校	jin xiao
进池	jin chi
进池子	jin chi zi
进球	jin qiu
进站	jin zhan
进站口	jin zhan kou
进面	jin mian
远哥	yuan ge
远行	yuan xing
远行商人	yuan xing shang ren
违纪	wei ji
连云港	lian yun gang
连携	lian xie
连携技	lian xie ji
连放	lian fang
连板	lian ban
连歪	lian wai
连读	lian du
连金	lian jin
迟述	chi shu
迪丽热巴	di li re ba
迪奥娜	di ao na
迪希雅	di xi ya
迪拜	di bai
迪桑特	di sang te
迷弟	mi di
追私	zhui si
追风者	zhui feng zhe
退休金	tui xiu jin
退保	tui bao
退役吧	tui yi ba
退赛	tui sai
送别	song bie
送审	song shen
送祝福	song zhu fu
适应得很好	shi ying de hen hao
逃生	tao sheng
逃生试炼	tao sheng shi lian
逆回购	ni hui gou
逆战	ni zhan
逆战未来	ni zhan wei lai
逆转	ni zhuan
逆鳞	ni lin
选修课	xuan xiu ke
选调生	xuan diao sheng
透明度	tou ming du
逐月	zhu yue
逐月节	zhu yue jie
逐玉	zhu yu
途观	tu guan
途锐	tu rui
通富	tong fu
通报	tong bao
通票	tong piao
通讯费	tong xun fei
通识	tong shi
通识课	tong shi ke
通车	tong che
通过率	tong guo lv
通鼎	tong ding
逝世	shi shi
速发贝	su fa bei
速度快	su du kuai
速成车	su cheng che
速效救心丸	su xiao jiu xin wan
造车	zao che
遂宁	sui ning
遇知音	yu zhi yin
遐蝶	xia die
道具位	dao ju wei
道崽	dao zai
道法	dao fa
遗嘱	yi zhu
遗器	yi qi
遗属	yi shu
遗志	yi zhi
遗忘之海	yi wang zhi hai
遗迹	yi ji
遴选	lin xuan
遵义舰	zun yi jian
邓亚萍	deng ya ping
邓布利多	deng bu li duo
邓紫棋	deng zi qi
邓肯	deng ken
邓超	deng chao
邝港智	kuang gang zhi
邝港杰	kuang gang jie
邝球	kuang qiu
邢台	xing tai
那刻夏	na ke xia
那艺娜	na yi na
那节后	na jie hou
那英	na ying
邦多利	bang duo li
邪修	xie xiu
邮寄地址	you ji di zhi
邮政	you zheng
邮箱	you xiang
邯郸	han dan
邱毅	qiu yi
邵佳一	shao jia yi
邵子恒	shao zi heng
邵阳	shao yang
郁可唯	yu ke wei
郑州	zheng zhou
郑思维	zheng si wei
郑成灿	zheng cheng can
郑春燕	zheng chun yan
郑朋	zheng peng
郑永康	zheng yong kang
郑润泽	zheng run ze
郑肖淮	zheng xiao huai
郑钦文	zheng qin wen
郓城	yun cheng
郝熠然	hao yi ran
郝老师	hao lao shi
部室	bu shi
部署	bu shu
部里	bu li
部门	bu men
郫都	pi dou
郭冠宏	guo guan hong
郭宇欣	guo yu xin
郭富城	guo fu cheng
郭德纲	guo de gang
郭晓东	guo xiao dong
郭秀兰	guo xiu lan
郭麒麟	guo qi lin
都出去玩了	dou chu qu wan le
都江堰	du jiang yan
鄂尔多斯	e er duo si
鄂州	e zhou
酉阳	you yang
配枪	pei qiang
配网	pei wang
配装	pei zhuang
配餐	pei can
酒泉	jiu quan
酒神	jiu shen
酒红色	jiu hong se
酸枣	suan zao
酸胀	suan zhang
醋意摇	cu yi yao
醋莓	cu mei
醒来	xing lai
采编	cai bian
采药	cai yao
里昂	li ang
重仓	zhong cang
重制版	zhong zhi ban
重器	zhong qi
重塑	chong su
重庆	chong qing
重庆国际足球邀请赛	chong qing guo ji zu qiu yao qing sai
重映	chong ying
重点工作	zhong dian gong zuo
重生之路	chong sheng zhi lu
重组	chong zu
重置卡	chong zhi ka
重返未来	chong fan wei lai
野兽之心	ye shou zhi xin
野狗骨头	ye gou gu tou
量能	liang neng
金主训	jin zhu xun
金九	jin jiu
金价	jin jia
金健	jin jian
金健米业	jin jian mi ye
金允植	jin yun zhi
金克丝	jin ke si
金冬天	jin dong tian
金刚狼	jin gang lang
金刚经	jin gang jing
金华	jin hua
金哥	jin ge
金块	jin kuai
金城武	jin cheng wu
金属探测仪	jin shu tan ce yi
金建	jin jian
金星	jin xing
金晨	jin chen
金智秀	jin zhi xiu
金桂	jin gui
金榜题名	jin bang ti ming
金水	jin shui
金洒	jin sa
金玲	jin ling
金砖	jin zhuan
金福袋	jin fu dai
金秋	jin qiu
金秋十月	jin qiu shi yue
金箍棒	jin gu bang
金苹果	jin ping guo
金莎	jin sha
金融办	jin rong ban
金血	jin xue
金轮	jin lun
金道勋	jin dao xun
金锣	jin luo
金额	jin e
金鹰	jin ying
金鹰奖	jin ying jiang
金鹰节	jin ying jie
金龙羽	jin long yu
釜山	fu shan
鉴心	jian xin
针灸科	zhen jiu ke
钎九	qian jiu
钎城	qian cheng
钛狐	tai hu
钟南山	zhong nan shan
钟意	zhong yi
钟无艳	zhong wu yan
钢铁侠	gang tie xia
钦州	qin zhou
钱包这么小	qian bao zhe me xiao
钱塘江	qian tang jiang
钱学森	qian xue sen
钻石狂潮	zuan shi kuang chao
铁人	tie ren
铁头	tie tou
铁骑	tie qi
铂金喜悦宴会中心	bo jin xi yue yan hui zhong xin
铃彦姬	ling yan ji
铜业	tong ye
铜价	tong jia
铜币	tong bi
铜牌	tong pai
铭记	ming ji
铭记历史	ming ji li shi
铮铮	zheng zheng
银保	yin bao
银基	yin ji
银月	yin yue
银河战舰	yin he zhan jian
银行	yin hang
银行流水	yin hang liu shui
银鳕鱼	yin xue yu
铸剑	zhu jian
销假	xiao jia
锁冥	suo ming
锁暝	suo ming
锂矿	li kuang
锐评	rui ping
错题本	cuo ti ben
锣鼓	luo gu
锤娜丽莎	chui na li sha
锤石	chui shi
锦旗	jin qi
锦皇	jin huang
锻件	duan jian
镇安	zhen an
镇江	zhen jiang
镇街	zhen jie
镭射票	lei she piao
长乐	chang le
长会	chang hui
长光	chang guang
长兴	chang xing
长城	chang cheng
长子县	zhang zi xian
长安街	chang an jie
长官	zhang guan
长弓溪谷	chang gong xi gu
长征	chang zheng
长春	chang chun
长枪局	chang qiang ju
长江	chang jiang
长江大桥	chang jiang da qiao
长沙	chang sha
长治	chang zhi
长治市	chang zhi shi
长流	chang liu
长生契	chang sheng qi
长电	chang dian
长相思	chang xiang si
长虫	chang chong
长街	chang jie
长鑫	chang xin
长鑫科技	chang xin ke ji
门卫室	men wei shi
门将	men jiang
门尼	men ni
门酱	men jiang
闪暖	shan nuan
闪耀暖暖	shan yao nuan nuan
闪身步	shan shen bu
闪迪	shan di
闫妮	yan ni
闫桉	yan an
闭幕式	bi mu shi
问候	wen hou
问心剑	wen xin jian
问界	wen jie
问诊	wen zhen
问鼎	wen ding
闲云	xian yun
闲庭	xian ting
闲鱼	xian yu
闽东	min dong
闽侯	min hou
闽超	min chao
阅兵	yue bing
阅兵仪式	yue bing yi shi
阆中	lang zhong
阎良	yan liang
阔直板	kuo zhi ban
阖家	he jia
阖家欢乐	he jia huan le
阜南	fu nan
阜康	fu kang
阜新	fu xin
阜阳	fu yang
阜阳市中级人民法院	fu yang shi zhong ji ren min fa yuan
阮梅	ruan mei
防卫战	fang wei zhan
防反	fang fan
防城港	fang cheng gang
防守图	fang shou tu
防守方	fang shou fang
防控	fang kong
防盗窗	fang dao chuang
防空	fang kong
防空洞	fang kong dong
防窥	fang kui
防窥屏	fang kui ping
阳光电源	yang guang dian yuan
阳新	yang xin
阳江	yang jiang
阳阳	yang yang
阴跌	yin die
阶梯教室	jie ti jiao shi
阿云嘎	a yun ga
阿信	a xin
阿修罗	a xiu luo
阿兰恰	a lan qia
阿力	a li
阿努比斯	a nu bi si
阿勒泰	a le tai
阿卡	a ka
阿卡丽	a ka li
阿哈	a ha
阿基维利	a ji wei li
阿嫲的情书	a ma de qing shu
阿富汗	a fu han
阿尔山	a er shan
阿帕次	a pa ci
阿德耶米	a de ye mi
阿戈尔	a ge er
阿旺	a wang
阿曼	a man
阿根廷	a gen ting
阿根廷国家队	a gen ting guo jia dui
阿根廷足协	a gen ting zu xie
阿根廷队	a gen ting dui
阿梅	a mei
阿森纳	a sen na
阿楚姑娘	a chu gu niang
阿波罗	a bo luo
阿策	a ce
阿罗夏	a luo xia
阿联酋	a lian qiu
阿联酋航空	a lian qiu hang kong
阿萨拉	a sa la
阿蒲	a pu
阿贝多	a bei duo
阿达希尔	a da xi er
阿里	a li
阿雅	a ya
阿飞	a fei
附着	fu zhuo
附表	fu biao
陆景和	lu jing he
陆河	lu he
陆虎	lu hu
陈丽君	chen li jun
陈伟霆	chen wei ting
陈佳	chen jia
陈先生	chen xian sheng
陈冠希	chen guan xi
陈哲远	chen zhe yuan
陈嘉	chen jia
陈大卫	chen da wei
陈奕恒	chen yi heng
陈妍希	chen yan xi
陈妤颉	chen yu xie
陈子奚	chen zi xi
陈小春	chen xiao chun
陈志	chen zhi
陈思罕	chen si han
陈思诚	chen si cheng
陈慎	chen shen
陈慧琳	chen hui lin
陈明昊	chen ming hao
陈晓	chen xiao
陈曦	chen xi
陈梦	chen meng
陈楚生	chen chu sheng
陈浚铭	chen jun ming
陈燊	chen shen
陈瑞	chen rui
陈立农	chen li nong
陈粒	chen li
陈翔	chen xiang
陈芋汐	chen yu xi
陈若轩	chen ruo xuan
陈赫	chen he
陈都灵	chen du ling
陈阳	chen yang
陈雪	chen xue
陈飞宇	chen fei yu
陈鹤文	chen he wen
陈默	chen mo
降息	jiang xi
降温	jiang wen
降龙	xiang long
限免	xian mian
限定金	xian ding jin
限时	xian shi
限时点卷	xian shi dian juan
限期	xian qi
限速器	xian su qi
陕师大	shan shi da
陕西	shan xi
院方	yuan fang
院系	yuan xi
除湿袋	chu shi dai
险胜	xian sheng
陪产假	pei chan jia
陵园	ling yuan
陵水	ling shui
陶喆	tao zhe
陶晶莹	tao jing ying
隆尧	long yao
随申办	sui shen ban
隐世修所	yin shi xiu suo
雀人	que ren
雄安	xiong an
雅典	ya dian
雅加达	ya jia da
集中整治	ji zhong zheng zhi
集卡	ji ka
集合竞价	ji he jing jia
集团	ji tuan
雨战	yu zhan
雨果	yu guo
雨桐	yu tong
雨爱	yu ai
雨琦	yu qi
雨神	yu shen
雨胎	yu tai
雨霖铃	yu lin ling
雪乡	xue xiang
雪女	xue nv
雪崩	xue beng
雪御前	xue yu qian
雪熊	xue xiong
雪邦	xue bang
雪龙	xue long
零封	ling feng
零封了	ling feng le
零申报	ling shen bao
零跑	ling pao
零跑汽车	ling pao qi che
零钱包	ling qian bao
零钱通	ling qian tong
雷主	lei zhu
雷军	lei jun
雷利尔	lei li er
雷声	lei sheng
雷子	lei zi
雷州	lei zhou
雷总	lei zong
雷龙	lei long
雹子	bao zi
雾子	wu zi
雾行千山	wu xing qian shan
震中	zhen zhong
震感	zhen gan
震慑	zhen she
震源	zhen yuan
震级	zhen ji
震颤	zhen chan
霍尊	huo zun
霏霏	fei fei
霓虹	ni hong
霓虹町	ni hong ding
露神	lu shen
青天	qing tian
青岛	qing dao
青岛港	qing dao gang
青春风暴	qing chun feng bao
青海	qing hai
青海省	qing hai sheng
青莲	qing lian
青蛇	qing she
青钢影	qing gang ying
青鱼	qing yu
非农	fei nong
非凡大师	fei fan da shi
面价	mian jia
面试时间	mian shi shi jian
鞠婧祎	ju jing yi
韦世豪	wei shi hao
韦德	wei de
韩国	han guo
韩国兵役法	han guo bing yi fa
韩国队	han guo dui
韩旭	han xu
韩泰山	han tai shan
韩秋	han qiu
韩粱	han liang
韩红	han hong
韩维辰	han wei chen
韩雪	han xue
韩露	han lu
音乐盒	yin yue he
音乐节	yin yue jie
音律联觉	yin lv lian jue
韶关市	shao guan shi
项城	xiang cheng
项目	xiang mu
项目办	xiang mu ban
项目名称	xiang mu ming cheng
项目库	xiang mu ku
项目管理	xiang mu guan li
项目经理	xiang mu jing li
项目负责人	xiang mu fu ze ren
顺丰	shun feng
顺德	shun de
顺心	shun xin
顺遂	shun sui
顺顺利利	shun shun li li
顽刻	wan ke
顾昀迟	gu yun chi
预下载	yu xia zai
预报名	yu bao ming
预案	yu an
预算表	yu suan biao
预警	yu jing
预赛	yu sai
领奖台	ling jiang tai
领导	ling dao
领导人	ling dao ren
领标	ling biao
领袖	ling xiu
颐和园	yi he yuan
颜十六	yan shi liu
颜安	yan an
颜骏凌	yan jun ling
风仙	feng xian
风华	feng hua
风堇	feng jin
风大	feng da
风太大	feng tai da
风套	feng tao
风好大	feng hao da
风很大	feng hen da
风箫	feng xiao
风萧	feng xiao
风调雨顺	feng tiao yu shun
飘带	piao dai
飘扬	piao yang
飙马野郎	biao ma ye lang
飞天奖	fei tian jiang
飞智	fei zhi
飞检	fei jian
飞段	fei duan
飞牛	fei niu
飞猪	fei zhu
飞莎	fei sha
飞莎儿	fei sha er
飞身踢	fei shen ti
飞饼	fei bing
飞黄腾达	fei huang teng da
食灵	shi ling
饿的哥	e de ge
馅儿	xian er
首冠	shou guan
首套房	shou tao fang
首尔	shou er
首席	shou xi
首映	shou ying
首板	shou ban
首程	shou cheng
首胜	shou sheng
首赢	shou ying
香囊	xiang nang
香奈儿	xiang nai er
香港	xiang gang
香菱	xiang ling
香蕉夹	xiang jiao jia
香蜜	xiang mi
香骨鸡	xiang gu ji
马丁	ma ding
马丽	ma li
马云	ma yun
马云禄	ma yun lu
马伊琍	ma yi li
马刺	ma ci
马原	ma yuan
马哲	ma zhe
马嘉祺	ma jia qi
马坝	ma ba
马大	ma da
马头	ma tou
马尔代夫	ma er dai fu
马尼拉	ma ni la
马德里	ma de li
马思唯	ma si wei
马拉多纳	ma la duo na
马拉松	ma la song
马斑	ma ban
马斯克	ma si ke
马朝阳	ma zhao yang
马来西亚	ma lai xi ya
马林	ma lin
马王堆	ma wang dui
马琳	ma lin
马祖	ma zu
马竞	ma jing
马腾	ma teng
马自达	ma zi da
马西西	ma xi xi
马赛	ma sai
马鑫	ma xin
马面裙	ma mian qun
马鞍山	ma an shan
马龙	ma long
驴肉	lv rou
驻日美军宪兵队	zhu ri mei jun xian bing dui
驻马店	zhu ma dian
驾考宝典	jia kao bao dian
骄阳	jiao yang
骇灵	hai ling
骇爪	hai zhao
验收单	yan shou dan
骑缝	qi feng
高企	gao qi
高博	gao bo
高压线	gao ya xian
高启强	gao qi qiang
高尔夫	gao er fu
高市	gao shi
高市早苗	gao shi zao miao
高开	gao kai
高开低走	gao kai di zou
高德地图	gao de di tu
高抛	gao pao
高招	gao zhao
高数	gao shu
高明	gao ming
高校	gao xiao
高等数学	gao deng shu xue
高级工	gao ji gong
高翔	gao xiang
高芙	gao fu
高街	gao jie
高质	gao zhi
高走	gao zou
高通	gao tong
高速路口	gao su lu kou
高铁座椅	gao tie zuo yi
高铭阳	gao ming yang
高院	gao yuan
高马尾	gao ma wei
高龄	gao ling
鬼武者	gui wu zhe
鬼魅	gui mei
魂天帝	hun tian di
魅影	mei ying
魅影神捕	mei ying shen bu
魏哲鸣	wei zhe ming
魏坡	wei po
魏大勋	wei da xun
魏子宸	wei zi chen
魏家	wei jia
魏怀仁	wei huai ren
魏无羡	wei wu xian
魏晨	wei chen
魏若来	wei ruo lai
魏青涛	wei qing tao
魔兽世界	mo shou shi jie
魔戒	mo jie
魔笛	mo di
魔芋爽	mo yu shuang
魔道祖师	mo dao zu shi
鱼头小战神	yu tou xiao zhan shen
鱼尾裙	yu wei qun
鲁山	lu shan
鲁抗	lu kang
鲁豫	lu yu
鲁迪	lu di
鲍岩板	bao yan ban
鲍师傅	bao shi fu
鲜花	xian hua
鲜血	xian xue
鲫鱼	ji yu
鲸口脱险	jing kou tuo xian
鲸鱼娘	jing yu niang
鸟巢	niao chao
鸟窝	niao wo
鸟蛋	niao dan
鸡冠	ji guan
鸡蛋仔	ji dan zai
鸡鸭	ji ya
鸣沙山	ming sha shan
鸣潮	ming chao
鸣笛	ming di
鸽游	ge you
鸿蒙	hong meng
鸿蒙智行	hong meng zhi xing
鹊桥	que qiao
鹤山	he shan
鹤文	he wen
鹤辞	he ci
鹭卓	lu zhuo
鹰潭	ying tan
鹿晗	lu han
鹿角	lu jiao
麦克斯	mai ke si
麦基	mai ji
麦格米特	mai ge mi te
麦麦提	mai mai ti
麻古	ma gu
麻烦	ma fan
麻疹	ma zhen
麻绳	ma sheng
麻辣王子	ma la wang zi
黄仁勋	huang ren xun
黄冈	huang gang
黄婷婷	huang ting ting
黄子弘凡	huang zi hong fan
黄子韬	huang zi tao
黄山	huang shan
黄岗梁	huang gang liang
黄明昊	huang ming hao
黄星	huang xing
黄晓明	huang xiao ming
黄景瑜	huang jing yu
黄朔	huang shuo
黄河	huang he
黄海	huang hai
黄渤	huang bo
黄石	huang shi
黄磊	huang lei
黄蜂	huang feng
黄誉博	huang yu bo
黄金	huang jin
黄陂	huang pi
黄鹤楼	huang he lou
黄龄	huang ling
黎川	li chuan
黎斯	li si
黎明	li ming
黎曼猜想	li man cai xiang
黎深	li shen
黎风	li feng
黑天鹅	hei tian e
黑寡妇	hei gua fu
黑岛	hei dao
黑影	hei ying
黑派	hei pai
黑海	hei hai
黑潮	hei chao
黑潮爆破	hei chao bao po
黑牛	hei niu
黑神话	hei shen hua
黑羽	hei yu
黑肉	hei rou
黑豹	hei bao
黑豹行李箱	hei bao xing li xiang
黑闪	hei shan
黑鹰	hei ying
黑龙江	hei long jiang
黑龙江省	hei long jiang sheng
默剧	mo ju
默哀	mo ai
默尔索	mo er suo
鼋头渚	yuan tou zhu
齐司礼	qi si li
齐天	qi tian
齐秦	qi qin
齐达内	qi da nei
龙之梦	long zhi meng
龙兴里	long xing li
龙吸水	long xi shui
龙川县	long chuan xian
龙息	long xi
龙息帕尔	long xi pa er
龙晶	long jing
龙泡泡	long pao pao
龙浩天	long hao tian
龙游	long you
龙纹	long wen
龙美	long mei
龙蟠	long pan
龙队	long dui
龙餐馆	long can guan
龚俊	gong jun
